dataset,regime,pair_name,method_key,metric,cutoff,n_queries,mean_greedy,mean_ilp_scip,mean_delta,median_delta,bootstrap_ci_low,bootstrap_ci_high,bootstrap_fraction_gt_zero,paired_permutation_pvalue,helped_query_count,harmed_query_count,unchanged_query_count,holm_pvalue,bh_pvalue
bright,ms1,balance,balance_graph_repaired,MAP,,50,0.5175761871122718,0.5179779756831779,0.0004017885709062155,0.0,-0.005803795659678015,0.007407006916014264,0.5265,0.903009699030097,7,5,38,1.0,1.0
bright,ms1,balance,balance_graph_repaired,MRR,,50,0.5995740174857822,0.5986388888888889,-0.0009351285968933026,0.0,-0.013119844452932688,0.012788079322638143,0.419,0.934906509349065,4,4,42,1.0,1.0
bright,ms1,balance,balance_graph_repaired,nDCG@10,10,50,0.4733327318880716,0.476809295712308,0.0034765638242364822,0.0,-0.0056125195186020205,0.013099576366788159,0.7676,0.47355264473552644,6,4,40,1.0,1.0
bright,ms1,balance,balance_graph_repaired,nDCG@20,20,50,0.5138286651597075,0.5145785532949975,0.0007498881352899253,0.0,-0.0039665734493655805,0.007017875107492104,0.5588,0.8799120087991201,7,5,38,1.0,1.0
bright,ms1,balance,balance_graph_repaired,nDCG@5,5,50,0.46466463845756095,0.46486034931753506,0.00019571085997407533,0.0,-0.004304477383052107,0.0064266109679529835,0.478,1.0,1,4,45,1.0,1.0
bright,ms1,balance_hybrid,hybrid_repaired_balance_a0p3_minmax,MAP,,50,0.5318836690242558,0.5393356491429026,0.007451980118646788,0.0,-0.0005540584415584372,0.02031717071508738,0.9299,0.27947205279472054,5,2,43,1.0,1.0
bright,ms1,balance_hybrid,hybrid_repaired_balance_a0p3_minmax,MRR,,50,0.6087606837606837,0.6238995726495726,0.01513888888888889,0.0,0.0,0.04013888888888889,0.9537,0.24677532246775322,3,0,47,1.0,1.0
bright,ms1,balance_hybrid,hybrid_repaired_balance_a0p3_minmax,nDCG@10,10,50,0.4802480282786508,0.4860683016538328,0.005820273375181979,0.0,-0.0002622532080374862,0.01536673625953927,0.9106,0.34436556344365565,4,2,44,1.0,1.0
bright,ms1,balance_hybrid,hybrid_repaired_balance_a0p3_minmax,nDCG@20,20,50,0.5176567618973591,0.5235391636159872,0.005882401718627999,0.0,-0.0002020523506207167,0.015414586187498849,0.9261,0.3016698330166983,5,2,43,1.0,1.0
bright,ms1,balance_hybrid,hybrid_repaired_balance_a0p3_minmax,nDCG@5,5,50,0.47752016961956634,0.48343979961394323,0.0059196299943768405,0.0,0.0,0.015303196289891505,0.8696,0.49775022497750226,2,0,48,1.0,1.0
bright,ms1,copeland,copeland_graph_repaired,MAP,,50,0.5078813841574198,0.5057403968223149,-0.002140987335104976,0.0,-0.017784296512311212,0.01362240715439245,0.3805,0.7498250174982501,6,13,31,1.0,1.0
bright,ms1,copeland,copeland_graph_repaired,MRR,,50,0.5816904761904762,0.5765098039215686,-0.005180672268907563,0.0,-0.03084733893557423,0.014421078431372544,0.3458,0.732026797320268,4,4,42,1.0,1.0
bright,ms1,copeland,copeland_graph_repaired,nDCG@10,10,50,0.46630299510080364,0.46944340114662103,0.0031404060458174025,0.0,-0.008437493894761977,0.015609105580956092,0.6836,0.6297370262973703,6,8,36,1.0,1.0
bright,ms1,copeland,copeland_graph_repaired,nDCG@20,20,50,0.5073891159703127,0.50689563386075,-0.0004934821095625902,0.0,-0.009897326142208401,0.010203227982602767,0.4272,0.8877112288771123,6,13,31,1.0,1.0
bright,ms1,copeland,copeland_graph_repaired,nDCG@5,5,50,0.45569538886243166,0.4535411130250199,-0.002154275837411715,0.0,-0.020243340313199614,0.016515315764697256,0.3937,0.8738126187381262,4,6,40,1.0,1.0
bright,ms1,copeland_hybrid,hybrid_repaired_copeland_a0p3_minmax,MAP,,50,0.5281991306142271,0.5265703106687405,-0.001628819945486616,0.0,-0.027369209178620946,0.018602911880240297,0.4926,0.9126087391260874,9,6,35,1.0,1.0
bright,ms1,copeland_hybrid,hybrid_repaired_copeland_a0p3_minmax,MRR,,50,0.5951315987933635,0.6034768368886015,0.008345238095238097,0.0,-0.02097648809523809,0.03835714285714286,0.7316,0.5329467053294671,6,1,43,1.0,1.0
bright,ms1,copeland_hybrid,hybrid_repaired_copeland_a0p3_minmax,nDCG@10,10,50,0.47543347366963284,0.4769258041179668,0.0014923304483340245,0.0,-0.009284501572316408,0.012921947935888587,0.6119,0.7538246175382461,8,5,37,1.0,1.0
bright,ms1,copeland_hybrid,hybrid_repaired_copeland_a0p3_minmax,nDCG@20,20,50,0.5144659463000884,0.5180477112202149,0.003581764920126711,0.0,-0.005893011303318226,0.014307656256531,0.7698,0.4801519848015198,9,6,35,1.0,1.0
bright,ms1,copeland_hybrid,hybrid_repaired_copeland_a0p3_minmax,nDCG@5,5,50,0.4681131066927926,0.47042260567685207,0.002309498984059412,0.0,-0.010896392518089569,0.015772000076092633,0.6392,0.7994200579942006,4,3,43,1.0,1.0
bright,ms1,markov,markov_graph_repaired,MAP,,50,0.4976802003609279,0.5017458336383259,0.004065633277397985,0.0,-0.006224104917413734,0.0165926634911929,0.7593,0.5505449455054494,9,5,36,1.0,1.0
bright,ms1,markov,markov_graph_repaired,MRR,,50,0.57735179526356,0.5854542483660131,0.008102453102453102,0.0,-0.0028983405483405476,0.02391219336219336,0.8869,0.34306569343065696,5,2,43,1.0,1.0
bright,ms1,markov,markov_graph_repaired,nDCG@10,10,50,0.45157134500845664,0.45867477593470257,0.0071034309262460685,0.0,-0.0012355059866671762,0.01792492114937641,0.9461,0.17318268173182683,9,4,37,1.0,1.0
bright,ms1,markov,markov_graph_repaired,nDCG@20,20,50,0.49872334258245204,0.502289736866185,0.003566394283733024,0.0,-0.0031304390025500535,0.013209434538822683,0.7877,0.5649435056494351,9,5,36,1.0,1.0
bright,ms1,markov,markov_graph_repaired,nDCG@5,5,50,0.43508426136680867,0.43944275614550415,0.004358494778695504,0.0,-0.009486519235291398,0.024944015761735248,0.6321,0.8453154684531546,3,3,44,1.0,1.0
bright,ms1,priority_topological_repaired,priority_topological_repaired,MAP,,50,0.5233121658956799,0.5288266047792364,0.0055144388835565465,0.0,-0.013350952991725036,0.025569893703790772,0.7034,0.5998400159984002,11,13,26,1.0,1.0
bright,ms1,priority_topological_repaired,priority_topological_repaired,MRR,,50,0.6188312324929971,0.6107824675324676,-0.008048764960529664,0.0,-0.03495372580850522,0.013352750190985484,0.2509,0.5458454154584541,3,5,42,1.0,1.0
bright,ms1,priority_topological_repaired,priority_topological_repaired,nDCG@10,10,50,0.46993951801302486,0.47378998694221663,0.0038504689291917926,0.0,-0.009313499275681997,0.018283267429821348,0.7005,0.6098390160983902,8,9,33,1.0,1.0
bright,ms1,priority_topological_repaired,priority_topological_repaired,nDCG@20,20,50,0.5099296219335946,0.5126448295162467,0.002715207582652055,0.0,-0.00831895460616108,0.015816043583169303,0.6562,0.6908309169083092,10,14,26,1.0,1.0
bright,ms1,priority_topological_repaired,priority_topological_repaired,nDCG@5,5,50,0.45458498960477667,0.4607321438316956,0.0061471542269188415,0.0,-0.01278677778616758,0.030299510849453933,0.6877,0.6763323667633236,5,6,39,1.0,1.0
bright,ms1,topological_repaired,topological_repaired,MAP,,50,0.4719813988978408,0.4834769376183795,0.011495538720538727,0.0,-0.007570265382765375,0.03472449296074297,0.8652,0.33736626337366266,10,10,30,1.0,1.0
bright,ms1,topological_repaired,topological_repaired,MRR,,50,0.5811129785247432,0.5880422714540362,0.006929292929292931,0.0,-0.02307070707070707,0.039762626262626256,0.6149,0.9347065293470653,3,3,44,1.0,1.0
bright,ms1,topological_repaired,topological_repaired,nDCG@10,10,50,0.4355394666214217,0.4502322909526268,0.014692824331205143,0.0,9.37482593861377e-05,0.032552810437998646,0.9758,0.07849215078492151,8,7,35,1.0,1.0
bright,ms1,topological_repaired,topological_repaired,nDCG@20,20,50,0.48291980068659457,0.4917280160377486,0.008808215351154105,0.0,-0.004175289058122632,0.02598020248927101,0.8845,0.3017698230176982,10,10,30,1.0,1.0
bright,ms1,topological_repaired,topological_repaired,nDCG@5,5,50,0.3943786408099472,0.4074491999890395,0.013070559179092264,0.0,-0.009020506627398452,0.04639934401180396,0.791,0.5576442355764424,5,3,42,1.0,1.0
bright,ms1_drop_mutual,balance,balance_graph_repaired,MAP,,50,0.519416691596894,0.5190970667772692,-0.0003196248196248197,0.0,-0.0009588744588744591,0.0,0.0,1.0,0,1,49,1.0,1.0
bright,ms1_drop_mutual,balance,balance_graph_repaired,MRR,,50,0.6125436507936508,0.6125436507936508,0.0,0.0,0.0,0.0,0.0,1.0,0,0,50,1.0,1.0
bright,ms1_drop_mutual,balance,balance_graph_repaired,nDCG@10,10,50,0.4777479215346,0.476475505770621,-0.0012724157639790335,0.0,-0.0038172472919371005,0.0,0.0,1.0,0,1,49,1.0,1.0
bright,ms1_drop_mutual,balance,balance_graph_repaired,nDCG@20,20,50,0.5169977062970208,0.5169283850468624,-6.932125015835067e-05,0.0,-0.000207963750475052,0.0,0.0,1.0,0,1,49,1.0,1.0
bright,ms1_drop_mutual,balance,balance_graph_repaired,nDCG@5,5,50,0.4636346081687045,0.4636346081687045,0.0,0.0,0.0,0.0,0.0,1.0,0,0,50,1.0,1.0
bright,ms1_drop_mutual,balance_hybrid,hybrid_repaired_balance_a0p3_minmax,MAP,,50,0.5388063728636263,0.5386354326926862,-0.00017094017094017034,0.0,-0.000512820512820511,0.0,0.0,1.0,0,1,49,1.0,1.0
bright,ms1_drop_mutual,balance_hybrid,hybrid_repaired_balance_a0p3_minmax,MRR,,50,0.623982905982906,0.623982905982906,0.0,0.0,0.0,0.0,0.0,1.0,0,0,50,1.0,1.0
bright,ms1_drop_mutual,balance_hybrid,hybrid_repaired_balance_a0p3_minmax,nDCG@10,10,50,0.4857769256540655,0.4857769256540655,0.0,0.0,0.0,0.0,0.0,1.0,0,0,50,1.0,1.0
bright,ms1_drop_mutual,balance_hybrid,hybrid_repaired_balance_a0p3_minmax,nDCG@20,20,50,0.5233221463379296,0.5232862115287691,-3.593480916060487e-05,0.0,-0.00010780442748181462,0.0,0.0,1.0,0,1,49,1.0,1.0
bright,ms1_drop_mutual,balance_hybrid,hybrid_repaired_balance_a0p3_minmax,nDCG@5,5,50,0.48343979961394323,0.48343979961394323,0.0,0.0,0.0,0.0,0.0,1.0,0,0,50,1.0,1.0
bright,ms1_drop_mutual,copeland,copeland_graph_repaired,MAP,,50,0.5189927953678507,0.5153174984425538,-0.0036752969252969283,0.0,-0.010869741369741372,0.00030808080808080227,0.0888,0.31196880311968805,2,3,45,1.0,1.0
bright,ms1_drop_mutual,copeland,copeland_graph_repaired,MRR,,50,0.6237558356676003,0.6202002801120448,-0.0035555555555555557,0.0,-0.010444444444444445,0.0,0.0,0.49445055494450557,0,2,48,1.0,1.0
bright,ms1_drop_mutual,copeland,copeland_graph_repaired,nDCG@10,10,50,0.4776506643139741,0.47779073085561274,0.0001400665416386232,0.0,-0.00368655287726922,0.004293591038484765,0.5116,1.0,1,2,47,1.0,1.0
bright,ms1_drop_mutual,copeland,copeland_graph_repaired,nDCG@20,20,50,0.5167955006775553,0.5154877899656437,-0.001307710711911621,0.0,-0.003910176229033772,0.00011598312478549829,0.1168,0.37296270372962703,2,3,45,1.0,1.0
bright,ms1_drop_mutual,copeland,copeland_graph_repaired,nDCG@5,5,50,0.45318951322122186,0.4519606622621321,-0.00122885095908974,0.0,-0.00368655287726922,0.0,0.0,1.0,0,1,49,1.0,1.0
bright,ms1_drop_mutual,copeland_hybrid,hybrid_repaired_copeland_a0p3_minmax,MAP,,50,0.5251639650478438,0.5251548075386865,-9.157509157511346e-06,0.0,-0.0006410256410256454,0.0007234432234432209,0.4241,1.0,1,2,47,1.0,1.0
bright,ms1_drop_mutual,copeland_hybrid,hybrid_repaired_copeland_a0p3_minmax,MRR,,50,0.6001435035552682,0.6001435035552682,0.0,0.0,0.0,0.0,0.0,1.0,0,0,50,1.0,1.0
bright,ms1_drop_mutual,copeland_hybrid,hybrid_repaired_copeland_a0p3_minmax,nDCG@10,10,50,0.4772243962501609,0.4772974202070622,7.30239569012947e-05,0.0,0.0,0.00021907187070388412,0.6361,1.0,1,0,49,1.0,1.0
bright,ms1_drop_mutual,copeland_hybrid,hybrid_repaired_copeland_a0p3_minmax,nDCG@20,20,50,0.5171042932832561,0.5170739465687271,-3.0346714529031483e-05,0.0,-0.0002289780072172165,0.0001785048671670031,0.3742,1.0,1,2,47,1.0,1.0
bright,ms1_drop_mutual,copeland_hybrid,hybrid_repaired_copeland_a0p3_minmax,nDCG@5,5,50,0.469831747881505,0.469831747881505,0.0,0.0,0.0,0.0,0.0,1.0,0,0,50,1.0,1.0
bright,ms1_drop_mutual,markov,markov_graph_repaired,MAP,,50,0.5102905655948224,0.5098227926270495,-0.0004677729677729681,0.0,-0.0014033189033189042,0.0,0.0,1.0,0,1,49,1.0,1.0
bright,ms1_drop_mutual,markov,markov_graph_repaired,MRR,,50,0.606922502334267,0.606922502334267,0.0,0.0,0.0,0.0,0.0,1.0,0,0,50,1.0,1.0
bright,ms1_drop_mutual,markov,markov_graph_repaired,nDCG@10,10,50,0.4637282241574872,0.4624031396883994,-0.0013250844690877806,0.0,-0.003975253407263342,0.0,0.0,1.0,0,1,49,1.0,1.0
bright,ms1_drop_mutual,markov,markov_graph_repaired,nDCG@20,20,50,0.5083745955598361,0.5082712836471149,-0.0001033119127212001,0.0,-0.0003099357381636003,0.0,0.0,1.0,0,1,49,1.0,1.0
bright,ms1_drop_mutual,markov,markov_graph_repaired,nDCG@5,5,50,0.4437877124798406,0.4437877124798406,0.0,0.0,0.0,0.0,0.0,1.0,0,0,50,1.0,1.0
bright,ms1_drop_mutual,priority_topological_repaired,priority_topological_repaired,MAP,,50,0.5239568906392694,0.5232525055420824,-0.0007043850971869547,0.0,-0.002944268713957177,0.00128115713835528,0.2319,0.6234376562343765,1,3,46,1.0,1.0
bright,ms1_drop_mutual,priority_topological_repaired,priority_topological_repaired,MRR,,50,0.6140046897546897,0.6145660809778457,0.000561391223155929,0.0,-0.0002205882352941177,0.0019047619047619048,0.6361,1.0,1,1,48,1.0,1.0
bright,ms1_drop_mutual,priority_topological_repaired,priority_topological_repaired,nDCG@10,10,50,0.4649755480117618,0.4639553438192682,-0.0010202041924935643,0.0,-0.003817247291937097,0.0007566347144564043,0.2315,1.0,1,1,48,1.0,1.0
bright,ms1_drop_mutual,priority_topological_repaired,priority_topological_repaired,nDCG@20,20,50,0.5105363375770005,0.5103325698412684,-0.00020376773573201973,0.0,-0.001008930986854384,0.0005718215417481029,0.2852,0.6217378262173783,1,3,46,1.0,1.0
bright,ms1_drop_mutual,priority_topological_repaired,priority_topological_repaired,nDCG@5,5,50,0.4506598752258863,0.4506598752258863,0.0,0.0,0.0,0.0,0.0,1.0,0,0,50,1.0,1.0
bright,ms1_drop_mutual,topological_repaired,topological_repaired,MAP,,50,0.4946950892790491,0.4942211824669071,-0.00047390681214210526,0.0,-0.002591597944539118,0.001501831501831502,0.2848,0.7483251674832517,1,2,47,1.0,1.0
bright,ms1_drop_mutual,topological_repaired,topological_repaired,MRR,,50,0.6013809523809523,0.602015873015873,0.0006349206349206349,0.0,0.0,0.0019047619047619048,0.6361,1.0,1,0,49,1.0,1.0
bright,ms1_drop_mutual,topological_repaired,topological_repaired,nDCG@10,10,50,0.4517867027150386,0.450766498522545,-0.0010202041924935643,0.0,-0.003817247291937097,0.0007566347144564043,0.2315,1.0,1,1,48,1.0,1.0
bright,ms1_drop_mutual,topological_repaired,topological_repaired,nDCG@20,20,50,0.4995690233860373,0.4994762908156036,-9.273257043381305e-05,0.0,-0.0007458370535773782,0.0006025545438442623,0.3699,1.0,1,2,47,1.0,1.0
bright,ms1_drop_mutual,topological_repaired,topological_repaired,nDCG@5,5,50,0.4179154979533017,0.4179154979533017,0.0,0.0,0.0,0.0,0.0,1.0,0,0,50,1.0,1.0
bright,ms2,balance,balance_graph_repaired,MAP,,49,0.5115415830033669,0.5115415830033669,0.0,0.0,0.0,0.0,0.0,1.0,0,0,49,1.0,1.0
bright,ms2,balance,balance_graph_repaired,MRR,,49,0.6145119619609416,0.6145119619609416,0.0,0.0,0.0,0.0,0.0,1.0,0,0,49,1.0,1.0
bright,ms2,balance,balance_graph_repaired,nDCG@10,10,49,0.46899231637877753,0.46899231637877753,0.0,0.0,0.0,0.0,0.0,1.0,0,0,49,1.0,1.0
bright,ms2,balance,balance_graph_repaired,nDCG@20,20,49,0.5175783808308188,0.5175783808308188,0.0,0.0,0.0,0.0,0.0,1.0,0,0,49,1.0,1.0
bright,ms2,balance,balance_graph_repaired,nDCG@5,5,49,0.4750403738169891,0.4750403738169891,0.0,0.0,0.0,0.0,0.0,1.0,0,0,49,1.0,1.0
bright,ms2,balance_hybrid,hybrid_repaired_balance_a0p3_minmax,MAP,,49,0.5395717734864219,0.5395717734864219,0.0,0.0,0.0,0.0,0.0,1.0,0,0,49,1.0,1.0
bright,ms2,balance_hybrid,hybrid_repaired_balance_a0p3_minmax,MRR,,49,0.6298194793629809,0.6298194793629809,0.0,0.0,0.0,0.0,0.0,1.0,0,0,49,1.0,1.0
bright,ms2,balance_hybrid,hybrid_repaired_balance_a0p3_minmax,nDCG@10,10,49,0.48650804410306664,0.48650804410306664,0.0,0.0,0.0,0.0,0.0,1.0,0,0,49,1.0,1.0
bright,ms2,balance_hybrid,hybrid_repaired_balance_a0p3_minmax,nDCG@20,20,49,0.5239939586770375,0.5239939586770375,0.0,0.0,0.0,0.0,0.0,1.0,0,0,49,1.0,1.0
bright,ms2,balance_hybrid,hybrid_repaired_balance_a0p3_minmax,nDCG@5,5,49,0.4898753445797558,0.4898753445797558,0.0,0.0,0.0,0.0,0.0,1.0,0,0,49,1.0,1.0
bright,ms2,copeland,copeland_graph_repaired,MAP,,49,0.5149300788740249,0.5149300788740249,0.0,0.0,0.0,0.0,0.0,1.0,0,0,49,1.0,1.0
bright,ms2,copeland,copeland_graph_repaired,MRR,,49,0.6149290335514825,0.6149290335514825,0.0,0.0,0.0,0.0,0.0,1.0,0,0,49,1.0,1.0
bright,ms2,copeland,copeland_graph_repaired,nDCG@10,10,49,0.4694388852872154,0.4694388852872154,0.0,0.0,0.0,0.0,0.0,1.0,0,0,49,1.0,1.0
bright,ms2,copeland,copeland_graph_repaired,nDCG@20,20,49,0.5165249610143892,0.5165249610143892,0.0,0.0,0.0,0.0,0.0,1.0,0,0,49,1.0,1.0
bright,ms2,copeland,copeland_graph_repaired,nDCG@5,5,49,0.4767864446109986,0.4767864446109986,0.0,0.0,0.0,0.0,0.0,1.0,0,0,49,1.0,1.0
bright,ms2,copeland_hybrid,hybrid_repaired_copeland_a0p3_minmax,MAP,,49,0.5387704142348405,0.5387704142348405,0.0,0.0,0.0,0.0,0.0,1.0,0,0,49,1.0,1.0
bright,ms2,copeland_hybrid,hybrid_repaired_copeland_a0p3_minmax,MRR,,49,0.6292312741560863,0.6292312741560863,0.0,0.0,0.0,0.0,0.0,1.0,0,0,49,1.0,1.0
bright,ms2,copeland_hybrid,hybrid_repaired_copeland_a0p3_minmax,nDCG@10,10,49,0.48622133544757695,0.48622133544757695,0.0,0.0,0.0,0.0,0.0,1.0,0,0,49,1.0,1.0
bright,ms2,copeland_hybrid,hybrid_repaired_copeland_a0p3_minmax,nDCG@20,20,49,0.5236391314606008,0.5236391314606008,0.0,0.0,0.0,0.0,0.0,1.0,0,0,49,1.0,1.0
bright,ms2,copeland_hybrid,hybrid_repaired_copeland_a0p3_minmax,nDCG@5,5,49,0.49288199675221966,0.49288199675221966,0.0,0.0,0.0,0.0,0.0,1.0,0,0,49,1.0,1.0
bright,ms2,markov,markov_graph_repaired,MAP,,49,0.49877320663744446,0.49877320663744446,0.0,0.0,0.0,0.0,0.0,1.0,0,0,49,1.0,1.0
bright,ms2,markov,markov_graph_repaired,MRR,,49,0.6243131018641223,0.6243131018641223,0.0,0.0,0.0,0.0,0.0,1.0,0,0,49,1.0,1.0
bright,ms2,markov,markov_graph_repaired,nDCG@10,10,49,0.4436010053729227,0.4436010053729227,0.0,0.0,0.0,0.0,0.0,1.0,0,0,49,1.0,1.0
bright,ms2,markov,markov_graph_repaired,nDCG@20,20,49,0.5092562662318679,0.5092562662318679,0.0,0.0,0.0,0.0,0.0,1.0,0,0,49,1.0,1.0
bright,ms2,markov,markov_graph_repaired,nDCG@5,5,49,0.44986155350695783,0.44986155350695783,0.0,0.0,0.0,0.0,0.0,1.0,0,0,49,1.0,1.0
bright,ms2,priority_topological_repaired,priority_topological_repaired,MAP,,49,0.5495384622259357,0.5495384622259357,0.0,0.0,0.0,0.0,0.0,1.0,0,0,49,1.0,1.0
bright,ms2,priority_topological_repaired,priority_topological_repaired,MRR,,49,0.6428963893249607,0.6428963893249607,0.0,0.0,0.0,0.0,0.0,1.0,0,0,49,1.0,1.0
bright,ms2,priority_topological_repaired,priority_topological_repaired,nDCG@10,10,49,0.48911602517270175,0.48911602517270175,0.0,0.0,0.0,0.0,0.0,1.0,0,0,49,1.0,1.0
bright,ms2,priority_topological_repaired,priority_topological_repaired,nDCG@20,20,49,0.529411241224223,0.529411241224223,0.0,0.0,0.0,0.0,0.0,1.0,0,0,49,1.0,1.0
bright,ms2,priority_topological_repaired,priority_topological_repaired,nDCG@5,5,49,0.483278212439793,0.483278212439793,0.0,0.0,0.0,0.0,0.0,1.0,0,0,49,1.0,1.0
bright,ms2,topological_repaired,topological_repaired,MAP,,49,0.4637332178845419,0.4637332178845419,0.0,0.0,0.0,0.0,0.0,1.0,0,0,49,1.0,1.0
bright,ms2,topological_repaired,topological_repaired,MRR,,49,0.6143673586650777,0.6143673586650777,0.0,0.0,0.0,0.0,0.0,1.0,0,0,49,1.0,1.0
bright,ms2,topological_repaired,topological_repaired,nDCG@10,10,49,0.41655900103839066,0.41655900103839066,0.0,0.0,0.0,0.0,0.0,1.0,0,0,49,1.0,1.0
bright,ms2,topological_repaired,topological_repaired,nDCG@20,20,49,0.4879964009752814,0.4879964009752814,0.0,0.0,0.0,0.0,0.0,1.0,0,0,49,1.0,1.0
bright,ms2,topological_repaired,topological_repaired,nDCG@5,5,49,0.39568944305353126,0.39568944305353126,0.0,0.0,0.0,0.0,0.0,1.0,0,0,49,1.0,1.0
fiqa,ms1,balance,balance_graph_repaired,MAP,,120,0.22551404356164415,0.22334749483259544,-0.0021665487290487284,0.0,-0.012001086238895835,0.009161375928960101,0.3227,0.6411358864113589,4,14,102,1.0,1.0
fiqa,ms1,balance,balance_graph_repaired,MRR,,120,0.2449871103412125,0.24599731931581778,0.0010102089746052594,0.0,-0.010762861318105126,0.01677096866125503,0.5078,0.988001199880012,2,9,109,1.0,1.0
fiqa,ms1,balance,balance_graph_repaired,nDCG@10,10,120,0.22502345595711137,0.21846440298653114,-0.006559052970580222,0.0,-0.01566652137459137,0.002261273937133803,0.0714,0.17048295170482952,2,11,107,1.0,1.0
fiqa,ms1,balance,balance_graph_repaired,nDCG@20,20,120,0.2451547142220397,0.2430059587086578,-0.0021487555133819112,0.0,-0.009630770303058695,0.005617852790443126,0.2784,0.5224477552244775,4,14,102,1.0,1.0
fiqa,ms1,balance,balance_graph_repaired,nDCG@5,5,120,0.1976763896081725,0.18856311110013932,-0.009113278508033177,0.0,-0.02545962513920818,0.0056207444122743505,0.1199,0.31826817318268175,1,4,115,1.0,1.0
fiqa,ms1,balance_hybrid,hybrid_repaired_balance_a0p3_minmax,MAP,,120,0.23746219277082278,0.2391586825555479,0.0016964897847250788,0.0,-0.0007205038119560176,0.006157013686885009,0.6365,1.0,1,6,113,1.0,1.0
fiqa,ms1,balance_hybrid,hybrid_repaired_balance_a0p3_minmax,MRR,,120,0.2596052631578948,0.26339716910053595,0.0037919059426412363,0.0,-0.0006544709375591731,0.01231741588680927,0.6365,1.0,1,5,114,1.0,1.0
fiqa,ms1,balance_hybrid,hybrid_repaired_balance_a0p3_minmax,nDCG@10,10,120,0.22333274678360382,0.22392683194888494,0.0005940851652811288,0.0,-0.0021867928525352047,0.0042096297004077165,0.5328,1.0,1,2,117,1.0,1.0
fiqa,ms1,balance_hybrid,hybrid_repaired_balance_a0p3_minmax,nDCG@20,20,120,0.24551489447519917,0.24660233906084933,0.0010874445856501875,0.0,-0.0006722802697775997,0.0042236270384228055,0.6365,1.0,1,6,113,1.0,1.0
fiqa,ms1,balance_hybrid,hybrid_repaired_balance_a0p3_minmax,nDCG@5,5,120,0.19322088749234184,0.1946641942844826,0.0014433067921407602,0.0,0.0,0.004329920376422281,0.6365,1.0,1,0,119,1.0,1.0
fiqa,ms1,copeland,copeland_graph_repaired,MAP,,120,0.21302219989332988,0.21198028565288626,-0.0010419142404436512,0.0,-0.007929324067530337,0.008632821681994474,0.3718,0.9125087491250875,9,18,93,1.0,1.0
fiqa,ms1,copeland,copeland_graph_repaired,MRR,,120,0.22912791557141401,0.23438463887477046,0.005256723303356432,0.0,-0.005916885312686396,0.021137521749871768,0.7533,0.5026497350264973,6,15,99,1.0,1.0
fiqa,ms1,copeland,copeland_graph_repaired,nDCG@10,10,120,0.21535462836573138,0.2037585544083768,-0.011596073957354569,0.0,-0.02377441451275912,-0.0005889335027093014,0.0207,0.051094890510948905,3,14,103,1.0,1.0
fiqa,ms1,copeland,copeland_graph_repaired,nDCG@20,20,120,0.2355153914767563,0.23470286389398534,-0.0008125275827709506,0.0,-0.005741852275377974,0.0056053919443322595,0.3663,0.8421157884211579,9,18,93,1.0,1.0
fiqa,ms1,copeland,copeland_graph_repaired,nDCG@5,5,120,0.18123469639363626,0.18153113318628916,0.00029643679265288513,0.0,-0.01084868216345221,0.012024763261857434,0.5204,1.0,3,3,114,1.0,1.0
fiqa,ms1,copeland_hybrid,hybrid_repaired_copeland_a0p3_minmax,MAP,,120,0.2308306649347671,0.2361656761245577,0.005335011189790601,0.0,-0.0018936583313881104,0.016137507763886436,0.8719,0.39266073392660733,5,11,104,1.0,1.0
fiqa,ms1,copeland_hybrid,hybrid_repaired_copeland_a0p3_minmax,MRR,,120,0.2535556722689076,0.26036766474266476,0.0068119924737571795,0.0,-0.0022935024704326167,0.019892832164431426,0.8649,0.47825217478252174,4,8,108,1.0,1.0
fiqa,ms1,copeland_hybrid,hybrid_repaired_copeland_a0p3_minmax,nDCG@10,10,120,0.2190310105428327,0.2187808626025242,-0.00025014794030851724,0.0,-0.007432892802855458,0.0065335014509935885,0.4853,0.9592040795920408,3,5,112,1.0,1.0
fiqa,ms1,copeland_hybrid,hybrid_repaired_copeland_a0p3_minmax,nDCG@20,20,120,0.2420139018663057,0.2444228330670575,0.0024089312007517637,0.0,-0.0014628011237946136,0.00787578822137459,0.8373,0.45425457454254575,5,11,104,1.0,1.0
fiqa,ms1,copeland_hybrid,hybrid_repaired_copeland_a0p3_minmax,nDCG@5,5,120,0.19021666670141718,0.19144042089086138,0.0012237541894442234,0.0,-0.004661719776323908,0.007414454641987184,0.6413,0.8731126887311269,3,2,115,1.0,1.0
fiqa,ms1,markov,markov_graph_repaired,MAP,,120,0.220953858376459,0.22020710512970573,-0.0007467532467532456,0.0,-0.008461411843087538,0.009698779114583098,0.4045,0.9361063893610639,5,15,100,1.0,1.0
fiqa,ms1,markov,markov_graph_repaired,MRR,,120,0.2410552320343342,0.24408904240754084,0.003033810373206659,0.0,-0.007290571693241972,0.018161981923591832,0.6275,0.8798120187981202,3,11,106,1.0,1.0
fiqa,ms1,markov,markov_graph_repaired,nDCG@10,10,120,0.22319125349216454,0.21360692958094743,-0.00958432391121707,0.0,-0.019667961419563385,-3.884662249104935e-05,0.0243,0.06509349065093491,3,13,104,1.0,1.0
fiqa,ms1,markov,markov_graph_repaired,nDCG@20,20,120,0.2422160530767411,0.24139536318234567,-0.0008206898943954342,0.0,-0.006620679479367121,0.006279727374094497,0.3735,0.7866213378662134,6,14,100,1.0,1.0
fiqa,ms1,markov,markov_graph_repaired,nDCG@5,5,120,0.19321750828350076,0.18603568409535481,-0.00718182418814597,0.0,-0.021697246050937213,0.0065267915688337445,0.1593,0.37576242375762425,2,4,114,1.0,1.0
fiqa,ms1,priority_topological_repaired,priority_topological_repaired,MAP,,120,0.2287489972653479,0.22203214539659974,-0.006716851868748151,0.0,-0.01702816927036886,0.003595104650699175,0.0959,0.26847315268473154,5,22,93,1.0,1.0
fiqa,ms1,priority_topological_repaired,priority_topological_repaired,MRR,,120,0.24974894146817522,0.2475106439541424,-0.0022382975140328087,0.0,-0.013350959361988771,0.0097253250732111,0.3404,0.672032796720328,5,15,100,1.0,1.0
fiqa,ms1,priority_topological_repaired,priority_topological_repaired,nDCG@10,10,120,0.22756470715456972,0.21424948566573285,-0.01331522148883685,0.0,-0.028612631095789015,-0.00034359006496702824,0.0221,0.06379362063793621,3,16,101,1.0,1.0
fiqa,ms1,priority_topological_repaired,priority_topological_repaired,nDCG@20,20,120,0.24813955422223208,0.2431714222063549,-0.004968132015877214,0.0,-0.012948338195822801,0.0020597920216307427,0.0837,0.25817418258174185,6,21,93,1.0,1.0
fiqa,ms1,priority_topological_repaired,priority_topological_repaired,nDCG@5,5,120,0.19855721836510978,0.1905912962117054,-0.00796592215340438,0.0,-0.02271239071476708,0.0042911796093971525,0.1119,0.28077192280771923,1,6,113,1.0,1.0
fiqa,ms1,topological_repaired,topological_repaired,MAP,,120,0.21563176965363492,0.21265521749993502,-0.002976552153699982,0.0,-0.011221428591833,0.006701818746287109,0.2454,0.5671432856714329,7,19,94,1.0,1.0
fiqa,ms1,topological_repaired,topological_repaired,MRR,,120,0.23337243602916977,0.23813615270465113,0.00476371667548138,0.0,-0.008024227984705925,0.021290343915343908,0.7136,0.5536446355364464,6,13,101,1.0,1.0
fiqa,ms1,topological_repaired,topological_repaired,nDCG@10,10,120,0.2167155509060216,0.20730332319282946,-0.009412227713192101,0.0,-0.02265437798601479,0.002237515675115185,0.0611,0.1513848615138486,5,13,102,1.0,1.0
fiqa,ms1,topological_repaired,topological_repaired,nDCG@20,20,120,0.23796217632509992,0.2361678481105943,-0.0017943282145056639,0.0,-0.008314569647967123,0.00522290943999606,0.2894,0.6116388361163884,8,18,94,1.0,1.0
fiqa,ms1,topological_repaired,topological_repaired,nDCG@5,5,120,0.18879908181272692,0.18386243008850797,-0.004936651724218965,0.0,-0.01816871349052832,0.007543318115068662,0.2238,0.4480551944805519,2,5,113,1.0,1.0
fiqa,ms1_drop_mutual,balance,balance_graph_repaired,MAP,,120,0.2165528277621931,0.2165528277621931,0.0,0.0,0.0,0.0,0.0,1.0,0,0,120,1.0,1.0
fiqa,ms1_drop_mutual,balance,balance_graph_repaired,MRR,,120,0.23796227225503544,0.23796227225503544,0.0,0.0,0.0,0.0,0.0,1.0,0,0,120,1.0,1.0
fiqa,ms1_drop_mutual,balance,balance_graph_repaired,nDCG@10,10,120,0.2051543911220484,0.2051543911220484,0.0,0.0,0.0,0.0,0.0,1.0,0,0,120,1.0,1.0
fiqa,ms1_drop_mutual,balance,balance_graph_repaired,nDCG@20,20,120,0.23742886433953952,0.23742886433953952,0.0,0.0,0.0,0.0,0.0,1.0,0,0,120,1.0,1.0
fiqa,ms1_drop_mutual,balance,balance_graph_repaired,nDCG@5,5,120,0.1868415111501342,0.1868415111501342,0.0,0.0,0.0,0.0,0.0,1.0,0,0,120,1.0,1.0
fiqa,ms1_drop_mutual,balance_hybrid,hybrid_repaired_balance_a0p3_minmax,MAP,,120,0.23867188433413278,0.23867188433413278,0.0,0.0,0.0,0.0,0.0,1.0,0,0,120,1.0,1.0
fiqa,ms1_drop_mutual,balance_hybrid,hybrid_repaired_balance_a0p3_minmax,MRR,,120,0.26269172530685686,0.26269172530685686,0.0,0.0,0.0,0.0,0.0,1.0,0,0,120,1.0,1.0
fiqa,ms1_drop_mutual,balance_hybrid,hybrid_repaired_balance_a0p3_minmax,nDCG@10,10,120,0.22408900759437114,0.22408900759437114,0.0,0.0,0.0,0.0,0.0,1.0,0,0,120,1.0,1.0
fiqa,ms1_drop_mutual,balance_hybrid,hybrid_repaired_balance_a0p3_minmax,nDCG@20,20,120,0.2461098125734137,0.2461098125734137,0.0,0.0,0.0,0.0,0.0,1.0,0,0,120,1.0,1.0
fiqa,ms1_drop_mutual,balance_hybrid,hybrid_repaired_balance_a0p3_minmax,nDCG@5,5,120,0.19117469840692716,0.19117469840692716,0.0,0.0,0.0,0.0,0.0,1.0,0,0,120,1.0,1.0
fiqa,ms1_drop_mutual,copeland,copeland_graph_repaired,MAP,,120,0.2085847121789459,0.2085847121789459,0.0,0.0,0.0,0.0,0.0,1.0,0,0,120,1.0,1.0
fiqa,ms1_drop_mutual,copeland,copeland_graph_repaired,MRR,,120,0.23124935164021848,0.23124935164021848,0.0,0.0,0.0,0.0,0.0,1.0,0,0,120,1.0,1.0
fiqa,ms1_drop_mutual,copeland,copeland_graph_repaired,nDCG@10,10,120,0.20071644577244754,0.20071644577244754,0.0,0.0,0.0,0.0,0.0,1.0,0,0,120,1.0,1.0
fiqa,ms1_drop_mutual,copeland,copeland_graph_repaired,nDCG@20,20,120,0.23166609244002512,0.23166609244002512,0.0,0.0,0.0,0.0,0.0,1.0,0,0,120,1.0,1.0
fiqa,ms1_drop_mutual,copeland,copeland_graph_repaired,nDCG@5,5,120,0.17286252610671593,0.17286252610671593,0.0,0.0,0.0,0.0,0.0,1.0,0,0,120,1.0,1.0
fiqa,ms1_drop_mutual,copeland_hybrid,hybrid_repaired_copeland_a0p3_minmax,MAP,,120,0.23670800416688575,0.23601355972244129,-0.0006944444444444438,0.0,-0.0020833333333333316,0.0,0.0,1.0,0,1,119,1.0,1.0
fiqa,ms1_drop_mutual,copeland_hybrid,hybrid_repaired_copeland_a0p3_minmax,MRR,,120,0.26097282347282347,0.26097282347282347,0.0,0.0,0.0,0.0,0.0,1.0,0,0,120,1.0,1.0
fiqa,ms1_drop_mutual,copeland_hybrid,hybrid_repaired_copeland_a0p3_minmax,nDCG@10,10,120,0.2180006992978237,0.21777517855844924,-0.00022552073937444442,0.0,-0.0006765622181233333,0.0,0.0,1.0,0,1,119,1.0,1.0
fiqa,ms1_drop_mutual,copeland_hybrid,hybrid_repaired_copeland_a0p3_minmax,nDCG@20,20,120,0.24484880286609373,0.24462328212671927,-0.00022552073937444442,0.0,-0.0006765622181233333,0.0,0.0,1.0,0,1,119,1.0,1.0
fiqa,ms1_drop_mutual,copeland_hybrid,hybrid_repaired_copeland_a0p3_minmax,nDCG@5,5,120,0.188818086211374,0.18859256547199957,-0.00022552073937444442,0.0,-0.0006765622181233333,0.0,0.0,1.0,0,1,119,1.0,1.0
fiqa,ms1_drop_mutual,markov,markov_graph_repaired,MAP,,120,0.21572199193135724,0.21572199193135724,0.0,0.0,0.0,0.0,0.0,1.0,0,0,120,1.0,1.0
fiqa,ms1_drop_mutual,markov,markov_graph_repaired,MRR,,120,0.23653039394815714,0.23653039394815714,0.0,0.0,0.0,0.0,0.0,1.0,0,0,120,1.0,1.0
fiqa,ms1_drop_mutual,markov,markov_graph_repaired,nDCG@10,10,120,0.20401368639929618,0.20401368639929618,0.0,0.0,0.0,0.0,0.0,1.0,0,0,120,1.0,1.0
fiqa,ms1_drop_mutual,markov,markov_graph_repaired,nDCG@20,20,120,0.23686739919083477,0.23686739919083477,0.0,0.0,0.0,0.0,0.0,1.0,0,0,120,1.0,1.0
fiqa,ms1_drop_mutual,markov,markov_graph_repaired,nDCG@5,5,120,0.18505436985723053,0.18505436985723053,0.0,0.0,0.0,0.0,0.0,1.0,0,0,120,1.0,1.0
fiqa,ms1_drop_mutual,priority_topological_repaired,priority_topological_repaired,MAP,,120,0.221309111783183,0.22097015675672796,-0.0003389550264550255,0.0,-0.0009424603174603145,0.0,0.0,0.5022497750224978,0,2,118,1.0,1.0
fiqa,ms1_drop_mutual,priority_topological_repaired,priority_topological_repaired,MRR,,120,0.2444117323809661,0.24433732761906138,-7.440476190476187e-05,0.0,-0.00022321428571428563,0.0,0.0,1.0,0,1,119,1.0,1.0
fiqa,ms1_drop_mutual,priority_topological_repaired,priority_topological_repaired,nDCG@10,10,120,0.20537681094483654,0.20527172279005096,-0.00010508815478561066,0.0,-0.00031526446435683195,0.0,0.0,1.0,0,1,119,1.0,1.0
fiqa,ms1_drop_mutual,priority_topological_repaired,priority_topological_repaired,nDCG@20,20,120,0.2406190037843973,0.24041968660718177,-0.00019931717721552282,0.0,-0.0005037225092166563,0.0,0.0,0.5022497750224978,0,2,118,1.0,1.0
fiqa,ms1_drop_mutual,priority_topological_repaired,priority_topological_repaired,nDCG@5,5,120,0.18802038166949886,0.18802038166949886,0.0,0.0,0.0,0.0,0.0,1.0,0,0,120,1.0,1.0
fiqa,ms1_drop_mutual,topological_repaired,topological_repaired,MAP,,120,0.21011489359883323,0.20977593857237822,-0.0003389550264550255,0.0,-0.0009424603174603145,0.0,0.0,0.5022497750224978,0,2,118,1.0,1.0
fiqa,ms1_drop_mutual,topological_repaired,topological_repaired,MRR,,120,0.23402152074075447,0.2339471159788497,-7.440476190476187e-05,0.0,-0.00022321428571428563,0.0,0.0,1.0,0,1,119,1.0,1.0
fiqa,ms1_drop_mutual,topological_repaired,topological_repaired,nDCG@10,10,120,0.19758616238613821,0.19748107423135258,-0.00010508815478561066,0.0,-0.00031526446435683195,0.0,0.0,1.0,0,1,119,1.0,1.0
fiqa,ms1_drop_mutual,topological_repaired,topological_repaired,nDCG@20,20,120,0.23286275727707856,0.232663440099863,-0.00019931717721552282,0.0,-0.0005037225092166563,0.0,0.0,0.5022497750224978,0,2,118,1.0,1.0
fiqa,ms1_drop_mutual,topological_repaired,topological_repaired,nDCG@5,5,120,0.17930713537163132,0.17930713537163132,0.0,0.0,0.0,0.0,0.0,1.0,0,0,120,1.0,1.0
fiqa,ms2,balance,balance_graph_repaired,MAP,,120,0.22587952724949628,0.22587952724949628,0.0,0.0,0.0,0.0,0.0,1.0,0,0,120,1.0,1.0
fiqa,ms2,balance,balance_graph_repaired,MRR,,120,0.2446043878077547,0.2446043878077547,0.0,0.0,0.0,0.0,0.0,1.0,0,0,120,1.0,1.0
fiqa,ms2,balance,balance_graph_repaired,nDCG@10,10,120,0.2236311986690155,0.2236311986690155,0.0,0.0,0.0,0.0,0.0,1.0,0,0,120,1.0,1.0
fiqa,ms2,balance,balance_graph_repaired,nDCG@20,20,120,0.24251308303307528,0.24251308303307528,0.0,0.0,0.0,0.0,0.0,1.0,0,0,120,1.0,1.0
fiqa,ms2,balance,balance_graph_repaired,nDCG@5,5,120,0.1899486118450378,0.1899486118450378,0.0,0.0,0.0,0.0,0.0,1.0,0,0,120,1.0,1.0
fiqa,ms2,balance_hybrid,hybrid_repaired_balance_a0p3_minmax,MAP,,120,0.23773285316048476,0.23773285316048476,0.0,0.0,0.0,0.0,0.0,1.0,0,0,120,1.0,1.0
fiqa,ms2,balance_hybrid,hybrid_repaired_balance_a0p3_minmax,MRR,,120,0.2618087887989204,0.2618087887989204,0.0,0.0,0.0,0.0,0.0,1.0,0,0,120,1.0,1.0
fiqa,ms2,balance_hybrid,hybrid_repaired_balance_a0p3_minmax,nDCG@10,10,120,0.22537339691369584,0.22537339691369584,0.0,0.0,0.0,0.0,0.0,1.0,0,0,120,1.0,1.0
fiqa,ms2,balance_hybrid,hybrid_repaired_balance_a0p3_minmax,nDCG@20,20,120,0.2464723352872618,0.2464723352872618,0.0,0.0,0.0,0.0,0.0,1.0,0,0,120,1.0,1.0
fiqa,ms2,balance_hybrid,hybrid_repaired_balance_a0p3_minmax,nDCG@5,5,120,0.1928026914790921,0.1928026914790921,0.0,0.0,0.0,0.0,0.0,1.0,0,0,120,1.0,1.0
fiqa,ms2,copeland,copeland_graph_repaired,MAP,,120,0.21193097240020617,0.21193097240020617,0.0,0.0,0.0,0.0,0.0,1.0,0,0,120,1.0,1.0
fiqa,ms2,copeland,copeland_graph_repaired,MRR,,120,0.23197525377672434,0.23197525377672434,0.0,0.0,0.0,0.0,0.0,1.0,0,0,120,1.0,1.0
fiqa,ms2,copeland,copeland_graph_repaired,nDCG@10,10,120,0.21381144387941928,0.21381144387941928,0.0,0.0,0.0,0.0,0.0,1.0,0,0,120,1.0,1.0
fiqa,ms2,copeland,copeland_graph_repaired,nDCG@20,20,120,0.23373764469866273,0.23373764469866273,0.0,0.0,0.0,0.0,0.0,1.0,0,0,120,1.0,1.0
fiqa,ms2,copeland,copeland_graph_repaired,nDCG@5,5,120,0.18168238201625897,0.18168238201625897,0.0,0.0,0.0,0.0,0.0,1.0,0,0,120,1.0,1.0
fiqa,ms2,copeland_hybrid,hybrid_repaired_copeland_a0p3_minmax,MAP,,120,0.23578225507937195,0.23578225507937195,0.0,0.0,0.0,0.0,0.0,1.0,0,0,120,1.0,1.0
fiqa,ms2,copeland_hybrid,hybrid_repaired_copeland_a0p3_minmax,MRR,,120,0.25776943694706855,0.25776943694706855,0.0,0.0,0.0,0.0,0.0,1.0,0,0,120,1.0,1.0
fiqa,ms2,copeland_hybrid,hybrid_repaired_copeland_a0p3_minmax,nDCG@10,10,120,0.22353440202949973,0.22353440202949973,0.0,0.0,0.0,0.0,0.0,1.0,0,0,120,1.0,1.0
fiqa,ms2,copeland_hybrid,hybrid_repaired_copeland_a0p3_minmax,nDCG@20,20,120,0.24466562982207207,0.24466562982207207,0.0,0.0,0.0,0.0,0.0,1.0,0,0,120,1.0,1.0
fiqa,ms2,copeland_hybrid,hybrid_repaired_copeland_a0p3_minmax,nDCG@5,5,120,0.19091690493300112,0.19091690493300112,0.0,0.0,0.0,0.0,0.0,1.0,0,0,120,1.0,1.0
fiqa,ms2,markov,markov_graph_repaired,MAP,,120,0.22572478666736598,0.22572478666736598,0.0,0.0,0.0,0.0,0.0,1.0,0,0,120,1.0,1.0
fiqa,ms2,markov,markov_graph_repaired,MRR,,120,0.2435894455060477,0.2435894455060477,0.0,0.0,0.0,0.0,0.0,1.0,0,0,120,1.0,1.0
fiqa,ms2,markov,markov_graph_repaired,nDCG@10,10,120,0.2223306650841393,0.2223306650841393,0.0,0.0,0.0,0.0,0.0,1.0,0,0,120,1.0,1.0
fiqa,ms2,markov,markov_graph_repaired,nDCG@20,20,120,0.2421565364938494,0.2421565364938494,0.0,0.0,0.0,0.0,0.0,1.0,0,0,120,1.0,1.0
fiqa,ms2,markov,markov_graph_repaired,nDCG@5,5,120,0.19051955505078041,0.19051955505078041,0.0,0.0,0.0,0.0,0.0,1.0,0,0,120,1.0,1.0
fiqa,ms2,priority_topological_repaired,priority_topological_repaired,MAP,,120,0.2380324089287905,0.2380324089287905,0.0,0.0,0.0,0.0,0.0,1.0,0,0,120,1.0,1.0
fiqa,ms2,priority_topological_repaired,priority_topological_repaired,MRR,,120,0.25582536676286677,0.25582536676286677,0.0,0.0,0.0,0.0,0.0,1.0,0,0,120,1.0,1.0
fiqa,ms2,priority_topological_repaired,priority_topological_repaired,nDCG@10,10,120,0.22402661304134142,0.22402661304134142,0.0,0.0,0.0,0.0,0.0,1.0,0,0,120,1.0,1.0
fiqa,ms2,priority_topological_repaired,priority_topological_repaired,nDCG@20,20,120,0.24857111711866253,0.24857111711866253,0.0,0.0,0.0,0.0,0.0,1.0,0,0,120,1.0,1.0
fiqa,ms2,priority_topological_repaired,priority_topological_repaired,nDCG@5,5,120,0.1915286185487007,0.1915286185487007,0.0,0.0,0.0,0.0,0.0,1.0,0,0,120,1.0,1.0
fiqa,ms2,topological_repaired,topological_repaired,MAP,,120,0.19609280213059882,0.19609280213059882,0.0,0.0,0.0,0.0,0.0,1.0,0,0,120,1.0,1.0
fiqa,ms2,topological_repaired,topological_repaired,MRR,,120,0.21802601333851335,0.21802601333851335,0.0,0.0,0.0,0.0,0.0,1.0,0,0,120,1.0,1.0
fiqa,ms2,topological_repaired,topological_repaired,nDCG@10,10,120,0.19281925247566226,0.19281925247566226,0.0,0.0,0.0,0.0,0.0,1.0,0,0,120,1.0,1.0
fiqa,ms2,topological_repaired,topological_repaired,nDCG@20,20,120,0.22277559818184295,0.22277559818184295,0.0,0.0,0.0,0.0,0.0,1.0,0,0,120,1.0,1.0
fiqa,ms2,topological_repaired,topological_repaired,nDCG@5,5,120,0.16499642439330767,0.16499642439330767,0.0,0.0,0.0,0.0,0.0,1.0,0,0,120,1.0,1.0
hotpotqa,ms1,balance,balance_graph_repaired,MAP,,52,0.8418498168498169,0.8418498168498169,0.0,0.0,0.0,0.0,0.0,1.0,0,0,52,1.0,1.0
hotpotqa,ms1,balance,balance_graph_repaired,MRR,,52,0.871474358974359,0.871474358974359,0.0,0.0,0.0,0.0,0.0,1.0,0,0,52,1.0,1.0
hotpotqa,ms1,balance,balance_graph_repaired,nDCG@10,10,52,0.8726119045666683,0.8726119045666683,0.0,0.0,0.0,0.0,0.0,1.0,0,0,52,1.0,1.0
hotpotqa,ms1,balance,balance_graph_repaired,nDCG@5,5,52,0.86124199678161,0.86124199678161,0.0,0.0,0.0,0.0,0.0,1.0,0,0,52,1.0,1.0
hotpotqa,ms1,balance_hybrid,hybrid_repaired_balance_a0p3_minmax,MAP,,52,0.8379807692307691,0.8379807692307691,0.0,0.0,0.0,0.0,0.0,1.0,0,0,52,1.0,1.0
hotpotqa,ms1,balance_hybrid,hybrid_repaired_balance_a0p3_minmax,MRR,,52,0.8711538461538461,0.8711538461538461,0.0,0.0,0.0,0.0,0.0,1.0,0,0,52,1.0,1.0
hotpotqa,ms1,balance_hybrid,hybrid_repaired_balance_a0p3_minmax,nDCG@10,10,52,0.8695220712560155,0.8695220712560155,0.0,0.0,0.0,0.0,0.0,1.0,0,0,52,1.0,1.0
hotpotqa,ms1,balance_hybrid,hybrid_repaired_balance_a0p3_minmax,nDCG@5,5,52,0.844992969512179,0.844992969512179,0.0,0.0,0.0,0.0,0.0,1.0,0,0,52,1.0,1.0
hotpotqa,ms1,copeland,copeland_graph_repaired,MAP,,52,0.8386446886446886,0.8338369963369963,-0.004807692307692308,0.0,-0.014423076923076924,0.0,0.0,1.0,0,1,51,1.0,1.0
hotpotqa,ms1,copeland,copeland_graph_repaired,MRR,,52,0.8730769230769232,0.8634615384615386,-0.009615384615384616,0.0,-0.028846153846153848,0.0,0.0,1.0,0,1,51,1.0,1.0
hotpotqa,ms1,copeland,copeland_graph_repaired,nDCG@10,10,52,0.8711993580479949,0.866847542941631,-0.004351815106363783,0.0,-0.013055445319091351,0.0,0.0,1.0,0,1,51,1.0,1.0
hotpotqa,ms1,copeland,copeland_graph_repaired,nDCG@5,5,52,0.8598294502629366,0.8554776351565729,-0.004351815106363783,0.0,-0.013055445319091351,0.0,0.0,1.0,0,1,51,1.0,1.0
hotpotqa,ms1,copeland_hybrid,hybrid_repaired_copeland_a0p3_minmax,MAP,,52,0.8395833333333333,0.8395833333333333,0.0,0.0,0.0,0.0,0.0,1.0,0,0,52,1.0,1.0
hotpotqa,ms1,copeland_hybrid,hybrid_repaired_copeland_a0p3_minmax,MRR,,52,0.8711538461538461,0.8711538461538461,0.0,0.0,0.0,0.0,0.0,1.0,0,0,52,1.0,1.0
hotpotqa,ms1,copeland_hybrid,hybrid_repaired_copeland_a0p3_minmax,nDCG@10,10,52,0.8703394842139028,0.8703394842139028,0.0,0.0,0.0,0.0,0.0,1.0,0,0,52,1.0,1.0
hotpotqa,ms1,copeland_hybrid,hybrid_repaired_copeland_a0p3_minmax,nDCG@5,5,52,0.8458103824700662,0.8458103824700662,0.0,0.0,0.0,0.0,0.0,1.0,0,0,52,1.0,1.0
hotpotqa,ms1,markov,markov_graph_repaired,MAP,,52,0.845054945054945,0.8466575091575093,0.0016025641025641023,0.0,0.0,0.004807692307692306,0.6357,1.0,1,0,51,1.0,1.0
hotpotqa,ms1,markov,markov_graph_repaired,MRR,,52,0.871474358974359,0.8730769230769232,0.0016025641025641023,0.0,0.0,0.004807692307692306,0.6357,1.0,1,0,51,1.0,1.0
hotpotqa,ms1,markov,markov_graph_repaired,nDCG@10,10,52,0.8741557355445877,0.8754888786585611,0.0013331431139732104,0.0,0.0,0.003999429341919631,0.6357,1.0,1,0,51,1.0,1.0
hotpotqa,ms1,markov,markov_graph_repaired,nDCG@5,5,52,0.8627858277595295,0.8641189708735026,0.0013331431139732104,0.0,0.0,0.003999429341919631,0.6357,1.0,1,0,51,1.0,1.0
hotpotqa,ms1,priority_topological_repaired,priority_topological_repaired,MAP,,52,0.8331959706959707,0.8338369963369963,0.0006410256410256409,0.0,0.0,0.0019230769230769227,0.6322,1.0,1,0,51,1.0,1.0
hotpotqa,ms1,priority_topological_repaired,priority_topological_repaired,MRR,,52,0.8634615384615386,0.8634615384615386,0.0,0.0,0.0,0.0,0.0,1.0,0,0,52,1.0,1.0
hotpotqa,ms1,priority_topological_repaired,priority_topological_repaired,nDCG@10,10,52,0.8664861914810322,0.866847542941631,0.000361351460598695,0.0,0.0,0.001084054381796085,0.6322,1.0,1,0,51,1.0,1.0
hotpotqa,ms1,priority_topological_repaired,priority_topological_repaired,nDCG@5,5,52,0.8509161406802401,0.8554776351565729,0.00456149447633262,0.0,0.0,0.01368448342899786,0.6322,1.0,1,0,51,1.0,1.0
hotpotqa,ms1,topological_repaired,topological_repaired,MAP,,52,0.8386446886446886,0.8338369963369963,-0.004807692307692308,0.0,-0.014423076923076924,0.0,0.0,1.0,0,1,51,1.0,1.0
hotpotqa,ms1,topological_repaired,topological_repaired,MRR,,52,0.8730769230769232,0.8634615384615386,-0.009615384615384616,0.0,-0.028846153846153848,0.0,0.0,1.0,0,1,51,1.0,1.0
hotpotqa,ms1,topological_repaired,topological_repaired,nDCG@10,10,52,0.8711993580479949,0.866847542941631,-0.004351815106363783,0.0,-0.013055445319091351,0.0,0.0,1.0,0,1,51,1.0,1.0
hotpotqa,ms1,topological_repaired,topological_repaired,nDCG@5,5,52,0.8598294502629366,0.8554776351565729,-0.004351815106363783,0.0,-0.013055445319091351,0.0,0.0,1.0,0,1,51,1.0,1.0
hotpotqa,ms1_drop_mutual,balance,balance_graph_repaired,MAP,,52,0.8446047008547009,0.8446047008547009,0.0,0.0,0.0,0.0,0.0,1.0,0,0,52,1.0,1.0
hotpotqa,ms1_drop_mutual,balance,balance_graph_repaired,MRR,,52,0.8740384615384615,0.8740384615384615,0.0,0.0,0.0,0.0,0.0,1.0,0,0,52,1.0,1.0
hotpotqa,ms1_drop_mutual,balance,balance_graph_repaired,nDCG@10,10,52,0.8745612927228582,0.8745612927228582,0.0,0.0,0.0,0.0,0.0,1.0,0,0,52,1.0,1.0
hotpotqa,ms1_drop_mutual,balance,balance_graph_repaired,nDCG@5,5,52,0.8630918785456465,0.8630918785456465,0.0,0.0,0.0,0.0,0.0,1.0,0,0,52,1.0,1.0
hotpotqa,ms1_drop_mutual,balance_hybrid,hybrid_repaired_balance_a0p3_minmax,MAP,,52,0.8331730769230768,0.8331730769230768,0.0,0.0,0.0,0.0,0.0,1.0,0,0,52,1.0,1.0
hotpotqa,ms1_drop_mutual,balance_hybrid,hybrid_repaired_balance_a0p3_minmax,MRR,,52,0.8615384615384615,0.8615384615384615,0.0,0.0,0.0,0.0,0.0,1.0,0,0,52,1.0,1.0
hotpotqa,ms1_drop_mutual,balance_hybrid,hybrid_repaired_balance_a0p3_minmax,nDCG@10,10,52,0.8651702561496517,0.8651702561496517,0.0,0.0,0.0,0.0,0.0,1.0,0,0,52,1.0,1.0
hotpotqa,ms1_drop_mutual,balance_hybrid,hybrid_repaired_balance_a0p3_minmax,nDCG@5,5,52,0.8406411544058151,0.8406411544058151,0.0,0.0,0.0,0.0,0.0,1.0,0,0,52,1.0,1.0
hotpotqa,ms1_drop_mutual,copeland,copeland_graph_repaired,MAP,,52,0.8200320512820513,0.8200320512820513,0.0,0.0,0.0,0.0,0.0,1.0,0,0,52,1.0,1.0
hotpotqa,ms1_drop_mutual,copeland,copeland_graph_repaired,MRR,,52,0.8435897435897437,0.8435897435897437,0.0,0.0,0.0,0.0,0.0,1.0,0,0,52,1.0,1.0
hotpotqa,ms1_drop_mutual,copeland,copeland_graph_repaired,nDCG@10,10,52,0.8553672610813113,0.8553672610813113,0.0,0.0,0.0,0.0,0.0,1.0,0,0,52,1.0,1.0
hotpotqa,ms1_drop_mutual,copeland,copeland_graph_repaired,nDCG@5,5,52,0.8437276410033748,0.8437276410033748,0.0,0.0,0.0,0.0,0.0,1.0,0,0,52,1.0,1.0
hotpotqa,ms1_drop_mutual,copeland_hybrid,hybrid_repaired_copeland_a0p3_minmax,MAP,,52,0.8235576923076923,0.8235576923076923,0.0,0.0,0.0,0.0,0.0,1.0,0,0,52,1.0,1.0
hotpotqa,ms1_drop_mutual,copeland_hybrid,hybrid_repaired_copeland_a0p3_minmax,MRR,,52,0.8519230769230769,0.8519230769230769,0.0,0.0,0.0,0.0,0.0,1.0,0,0,52,1.0,1.0
hotpotqa,ms1_drop_mutual,copeland_hybrid,hybrid_repaired_copeland_a0p3_minmax,nDCG@10,10,52,0.8580727514106413,0.8580727514106413,0.0,0.0,0.0,0.0,0.0,1.0,0,0,52,1.0,1.0
hotpotqa,ms1_drop_mutual,copeland_hybrid,hybrid_repaired_copeland_a0p3_minmax,nDCG@5,5,52,0.8335436496668046,0.8335436496668046,0.0,0.0,0.0,0.0,0.0,1.0,0,0,52,1.0,1.0
hotpotqa,ms1_drop_mutual,markov,markov_graph_repaired,MAP,,52,0.8397970085470086,0.8397970085470086,0.0,0.0,0.0,0.0,0.0,1.0,0,0,52,1.0,1.0
hotpotqa,ms1_drop_mutual,markov,markov_graph_repaired,MRR,,52,0.866025641025641,0.866025641025641,0.0,0.0,0.0,0.0,0.0,1.0,0,0,52,1.0,1.0
hotpotqa,ms1_drop_mutual,markov,markov_graph_repaired,nDCG@10,10,52,0.8704201654804407,0.8704201654804407,0.0,0.0,0.0,0.0,0.0,1.0,0,0,52,1.0,1.0
hotpotqa,ms1_drop_mutual,markov,markov_graph_repaired,nDCG@5,5,52,0.8589507513032291,0.8589507513032291,0.0,0.0,0.0,0.0,0.0,1.0,0,0,52,1.0,1.0
hotpotqa,ms1_drop_mutual,priority_topological_repaired,priority_topological_repaired,MAP,,52,0.830448717948718,0.830448717948718,0.0,0.0,0.0,0.0,0.0,1.0,0,0,52,1.0,1.0
hotpotqa,ms1_drop_mutual,priority_topological_repaired,priority_topological_repaired,MRR,,52,0.8564102564102564,0.8564102564102564,0.0,0.0,0.0,0.0,0.0,1.0,0,0,52,1.0,1.0
hotpotqa,ms1_drop_mutual,priority_topological_repaired,priority_topological_repaired,nDCG@10,10,52,0.8632821787782091,0.8632821787782091,0.0,0.0,0.0,0.0,0.0,1.0,0,0,52,1.0,1.0
hotpotqa,ms1_drop_mutual,priority_topological_repaired,priority_topological_repaired,nDCG@5,5,52,0.8516425587002724,0.8516425587002724,0.0,0.0,0.0,0.0,0.0,1.0,0,0,52,1.0,1.0
hotpotqa,ms1_drop_mutual,topological_repaired,topological_repaired,MAP,,52,0.8142628205128205,0.8142628205128205,0.0,0.0,0.0,0.0,0.0,1.0,0,0,52,1.0,1.0
hotpotqa,ms1_drop_mutual,topological_repaired,topological_repaired,MRR,,52,0.8339743589743591,0.8339743589743591,0.0,0.0,0.0,0.0,0.0,1.0,0,0,52,1.0,1.0
hotpotqa,ms1_drop_mutual,topological_repaired,topological_repaired,nDCG@10,10,52,0.850559384477659,0.850559384477659,0.0,0.0,0.0,0.0,0.0,1.0,0,0,52,1.0,1.0
hotpotqa,ms1_drop_mutual,topological_repaired,topological_repaired,nDCG@5,5,52,0.8431199074154563,0.8431199074154563,0.0,0.0,0.0,0.0,0.0,1.0,0,0,52,1.0,1.0
hotpotqa,ms2,balance,balance_graph_repaired,MAP,,52,0.8333867521367521,0.8333867521367521,0.0,0.0,0.0,0.0,0.0,1.0,0,0,52,1.0,1.0
hotpotqa,ms2,balance,balance_graph_repaired,MRR,,52,0.8580128205128206,0.8580128205128206,0.0,0.0,0.0,0.0,0.0,1.0,0,0,52,1.0,1.0
hotpotqa,ms2,balance,balance_graph_repaired,nDCG@10,10,52,0.8652523771274967,0.8652523771274967,0.0,0.0,0.0,0.0,0.0,1.0,0,0,52,1.0,1.0
hotpotqa,ms2,balance,balance_graph_repaired,nDCG@5,5,52,0.8469328247366694,0.8469328247366694,0.0,0.0,0.0,0.0,0.0,1.0,0,0,52,1.0,1.0
hotpotqa,ms2,balance_hybrid,hybrid_repaired_balance_a0p3_minmax,MAP,,52,0.8345085470085469,0.8345085470085469,0.0,0.0,0.0,0.0,0.0,1.0,0,0,52,1.0,1.0
hotpotqa,ms2,balance_hybrid,hybrid_repaired_balance_a0p3_minmax,MRR,,52,0.8615384615384615,0.8615384615384615,0.0,0.0,0.0,0.0,0.0,1.0,0,0,52,1.0,1.0
hotpotqa,ms2,balance_hybrid,hybrid_repaired_balance_a0p3_minmax,nDCG@10,10,52,0.8658174632068139,0.8658174632068139,0.0,0.0,0.0,0.0,0.0,1.0,0,0,52,1.0,1.0
hotpotqa,ms2,balance_hybrid,hybrid_repaired_balance_a0p3_minmax,nDCG@5,5,52,0.8414585673637023,0.8414585673637023,0.0,0.0,0.0,0.0,0.0,1.0,0,0,52,1.0,1.0
hotpotqa,ms2,copeland,copeland_graph_repaired,MAP,,52,0.8043727106227104,0.8043727106227104,0.0,0.0,0.0,0.0,0.0,1.0,0,0,52,1.0,1.0
hotpotqa,ms2,copeland,copeland_graph_repaired,MRR,,52,0.8227564102564101,0.8227564102564101,0.0,0.0,0.0,0.0,0.0,1.0,0,0,52,1.0,1.0
hotpotqa,ms2,copeland,copeland_graph_repaired,nDCG@10,10,52,0.8421236833348579,0.8421236833348579,0.0,0.0,0.0,0.0,0.0,1.0,0,0,52,1.0,1.0
hotpotqa,ms2,copeland,copeland_graph_repaired,nDCG@5,5,52,0.8198040928370269,0.8198040928370269,0.0,0.0,0.0,0.0,0.0,1.0,0,0,52,1.0,1.0
hotpotqa,ms2,copeland_hybrid,hybrid_repaired_copeland_a0p3_minmax,MAP,,52,0.8345085470085469,0.8345085470085469,0.0,0.0,0.0,0.0,0.0,1.0,0,0,52,1.0,1.0
hotpotqa,ms2,copeland_hybrid,hybrid_repaired_copeland_a0p3_minmax,MRR,,52,0.8615384615384615,0.8615384615384615,0.0,0.0,0.0,0.0,0.0,1.0,0,0,52,1.0,1.0
hotpotqa,ms2,copeland_hybrid,hybrid_repaired_copeland_a0p3_minmax,nDCG@10,10,52,0.8658174632068139,0.8658174632068139,0.0,0.0,0.0,0.0,0.0,1.0,0,0,52,1.0,1.0
hotpotqa,ms2,copeland_hybrid,hybrid_repaired_copeland_a0p3_minmax,nDCG@5,5,52,0.8414585673637023,0.8414585673637023,0.0,0.0,0.0,0.0,0.0,1.0,0,0,52,1.0,1.0
hotpotqa,ms2,markov,markov_graph_repaired,MAP,,52,0.8135149572649572,0.8135149572649572,0.0,0.0,0.0,0.0,0.0,1.0,0,0,52,1.0,1.0
hotpotqa,ms2,markov,markov_graph_repaired,MRR,,52,0.8333333333333334,0.8333333333333334,0.0,0.0,0.0,0.0,0.0,1.0,0,0,52,1.0,1.0
hotpotqa,ms2,markov,markov_graph_repaired,nDCG@10,10,52,0.8497401710695497,0.8497401710695497,0.0,0.0,0.0,0.0,0.0,1.0,0,0,52,1.0,1.0
hotpotqa,ms2,markov,markov_graph_repaired,nDCG@5,5,52,0.8314206186787223,0.8314206186787223,0.0,0.0,0.0,0.0,0.0,1.0,0,0,52,1.0,1.0
hotpotqa,ms2,priority_topological_repaired,priority_topological_repaired,MAP,,52,0.8316468253968254,0.8316468253968254,0.0,0.0,0.0,0.0,0.0,1.0,0,0,52,1.0,1.0
hotpotqa,ms2,priority_topological_repaired,priority_topological_repaired,MRR,,52,0.8547008547008546,0.8547008547008546,0.0,0.0,0.0,0.0,0.0,1.0,0,0,52,1.0,1.0
hotpotqa,ms2,priority_topological_repaired,priority_topological_repaired,nDCG@10,10,52,0.8625690412661504,0.8625690412661504,0.0,0.0,0.0,0.0,0.0,1.0,0,0,52,1.0,1.0
hotpotqa,ms2,priority_topological_repaired,priority_topological_repaired,nDCG@5,5,52,0.8338794093889565,0.8338794093889565,0.0,0.0,0.0,0.0,0.0,1.0,0,0,52,1.0,1.0
hotpotqa,ms2,topological_repaired,topological_repaired,MAP,,52,0.8049679487179486,0.8049679487179486,0.0,0.0,0.0,0.0,0.0,1.0,0,0,52,1.0,1.0
hotpotqa,ms2,topological_repaired,topological_repaired,MRR,,52,0.8275641025641024,0.8275641025641024,0.0,0.0,0.0,0.0,0.0,1.0,0,0,52,1.0,1.0
hotpotqa,ms2,topological_repaired,topological_repaired,nDCG@10,10,52,0.8421586007057633,0.8421586007057633,0.0,0.0,0.0,0.0,0.0,1.0,0,0,52,1.0,1.0
hotpotqa,ms2,topological_repaired,topological_repaired,nDCG@5,5,52,0.8239801331225421,0.8239801331225421,0.0,0.0,0.0,0.0,0.0,1.0,0,0,52,1.0,1.0
scidocs,ms1,balance,balance_graph_repaired,MAP,,120,0.21948252949368788,0.21941593672972673,-6.659276396118475e-05,0.0,-0.004270537363464994,0.004464448715271083,0.4823,0.9789021097890211,11,11,98,1.0,1.0
scidocs,ms1,balance,balance_graph_repaired,MRR,,120,0.2630304434629125,0.262170446977916,-0.0008599964849964844,0.0,-0.00478207961020461,0.003410293410293411,0.3268,0.7004299570042996,4,9,107,1.0,1.0
scidocs,ms1,balance,balance_graph_repaired,nDCG@10,10,120,0.14766598100588688,0.14444370082331462,-0.0032222801825723076,0.0,-0.006847967805432588,-0.0001609011304277744,0.0183,0.07089291070892911,7,10,103,1.0,1.0
scidocs,ms1,balance,balance_graph_repaired,nDCG@20,20,120,0.18390062220922668,0.18369141116816992,-0.00020921104105671798,0.0,-0.0015232234260372857,0.001160871705019964,0.3741,0.766023397660234,11,11,98,1.0,1.0
scidocs,ms1,balance,balance_graph_repaired,nDCG@5,5,120,0.11466535999559214,0.11478769014090039,0.00012233014530825098,0.0,-0.0010314462986427987,0.0013563448005042777,0.5624,0.881011898810119,3,3,114,1.0,1.0
scidocs,ms1,balance_hybrid,hybrid_repaired_balance_a0p3_minmax,MAP,,120,0.2450431120533997,0.2438517605127835,-0.0011913515406162464,0.0,-0.0029254977559205492,-4.990004208754168e-05,0.0181,0.08189181081891811,2,7,111,1.0,1.0
scidocs,ms1,balance_hybrid,hybrid_repaired_balance_a0p3_minmax,MRR,,120,0.2885125672258025,0.2863743963008669,-0.0021381709249356307,0.0,-0.0055608845811051695,-3.5296947061652885e-05,0.0187,0.0922907709229077,1,6,113,1.0,1.0
scidocs,ms1,balance_hybrid,hybrid_repaired_balance_a0p3_minmax,nDCG@10,10,120,0.16182097408841312,0.16051863923029816,-0.0013023348581149804,0.0,-0.004602586639272184,0.001790516313750345,0.207,0.44735526447355267,2,5,113,1.0,1.0
scidocs,ms1,balance_hybrid,hybrid_repaired_balance_a0p3_minmax,nDCG@20,20,120,0.19327675343430553,0.1925745891988798,-0.0007021642354257667,0.0,-0.0017598288167494137,-2.918809990031225e-05,0.0183,0.07389261073892611,2,7,111,1.0,1.0
scidocs,ms1,balance_hybrid,hybrid_repaired_balance_a0p3_minmax,nDCG@5,5,120,0.12424768838204257,0.12382175201750359,-0.0004259363645389929,0.0,-0.0012778090936169787,0.0,0.0,1.0,0,1,119,1.0,1.0
scidocs,ms1,copeland,copeland_graph_repaired,MAP,,120,0.21902155081641023,0.21869831591338945,-0.0003232349030207636,0.0,-0.006444259744359716,0.006043722305815958,0.4573,0.9199080091990801,21,24,75,1.0,1.0
scidocs,ms1,copeland,copeland_graph_repaired,MRR,,120,0.26082232410405787,0.26167752640662856,0.0008552023025707243,0.0,-0.007401637097530093,0.008666547300738472,0.6006,0.8457154284571543,15,16,89,1.0,1.0
scidocs,ms1,copeland,copeland_graph_repaired,nDCG@10,10,120,0.14421104900020768,0.14107688110641317,-0.0031341678937945013,0.0,-0.010228391201418715,0.0032385194192058033,0.1853,0.38576142385761425,16,14,90,1.0,1.0
scidocs,ms1,copeland,copeland_graph_repaired,nDCG@20,20,120,0.18197461593115752,0.1816149916463125,-0.0003596242848450008,0.0,-0.002887290509151228,0.002009604172284527,0.3965,0.7856214378562144,21,24,75,1.0,1.0
scidocs,ms1,copeland,copeland_graph_repaired,nDCG@5,5,120,0.10953127335954725,0.11062154319067065,0.0010902698311233802,0.0,-0.005190341699171574,0.0076774805754230725,0.62,0.7529247075292471,8,7,105,1.0,1.0
scidocs,ms1,copeland_hybrid,hybrid_repaired_copeland_a0p3_minmax,MAP,,120,0.24976361724265495,0.25355101856682094,0.0037874013241660305,0.0,-0.0034977042633292646,0.014517225455644572,0.7785,0.5353464653534646,8,17,95,1.0,1.0
scidocs,ms1,copeland_hybrid,hybrid_repaired_copeland_a0p3_minmax,MRR,,120,0.2908370020502373,0.29732870479194,0.006491702741702741,0.0,-0.003713456104081104,0.02000089725089725,0.8624,0.3862613738626137,5,11,104,1.0,1.0
scidocs,ms1,copeland_hybrid,hybrid_repaired_copeland_a0p3_minmax,nDCG@10,10,120,0.16354920551952226,0.16341256672738697,-0.0001366387921352824,0.0,-0.004570948098723579,0.004504038447292118,0.4676,0.9519048095190481,7,11,102,1.0,1.0
scidocs,ms1,copeland_hybrid,hybrid_repaired_copeland_a0p3_minmax,nDCG@20,20,120,0.1941843528143329,0.19527555992151638,0.0010912071071834636,0.0,-0.0015966449691016149,0.004567532838948653,0.7359,0.5152484751524847,8,17,95,1.0,1.0
scidocs,ms1,copeland_hybrid,hybrid_repaired_copeland_a0p3_minmax,nDCG@5,5,120,0.12501014323140403,0.1256273230380241,0.0006171798066200777,0.0,-0.003088883495727459,0.0044186554326975745,0.6186,0.837016298370163,3,4,113,1.0,1.0
scidocs,ms1,markov,markov_graph_repaired,MAP,,120,0.22463473839589684,0.22227175098627627,-0.0023629874096205363,0.0,-0.009365964987598112,0.0038104455344635285,0.2411,0.5331466853314668,14,16,90,1.0,1.0
scidocs,ms1,markov,markov_graph_repaired,MRR,,120,0.27061972917719823,0.26857587025833934,-0.002043858918858918,0.0,-0.009394342925592925,0.004358931577681576,0.2865,0.6025397460253975,8,10,102,1.0,1.0
scidocs,ms1,markov,markov_graph_repaired,nDCG@10,10,120,0.1488893029377847,0.14599656643367087,-0.002892736504113849,0.0,-0.007632650939864171,0.0016360832555027663,0.1081,0.23497650234976503,11,15,94,1.0,1.0
scidocs,ms1,markov,markov_graph_repaired,nDCG@20,20,120,0.18515170147317914,0.18441285668165452,-0.0007388447915246634,0.0,-0.002860584603941729,0.0011557915575655898,0.2354,0.5041495850414959,14,16,90,1.0,1.0
scidocs,ms1,markov,markov_graph_repaired,nDCG@5,5,120,0.11538612253361649,0.1148703993842951,-0.0005157231493213992,0.0,-0.006135165654321484,0.0051989145473017055,0.4247,0.8867113288671132,5,7,108,1.0,1.0
scidocs,ms1,priority_topological_repaired,priority_topological_repaired,MAP,,120,0.22710364725812354,0.21780479118762788,-0.00929885607049565,0.0,-0.020145359012619074,-0.0006131794922913347,0.0164,0.0663933606639336,20,27,73,1.0,1.0
scidocs,ms1,priority_topological_repaired,priority_topological_repaired,MRR,,120,0.27221992042328735,0.2617338778281116,-0.010486042595175722,0.0,-0.028410696415727372,0.00244793676413742,0.0745,0.2166783321667833,13,20,87,1.0,1.0
scidocs,ms1,priority_topological_repaired,priority_topological_repaired,nDCG@10,10,120,0.14875736472470635,0.14179748325945743,-0.0069598814652489256,0.0,-0.014868906435461423,0.00016039934716109445,0.0282,0.071992800719928,17,18,85,1.0,1.0
scidocs,ms1,priority_topological_repaired,priority_topological_repaired,nDCG@20,20,120,0.1851628802465625,0.18164339434232707,-0.003519485904235427,0.0,-0.008466775329267335,0.0002119065460792688,0.0356,0.1131886811318868,20,27,73,1.0,1.0
scidocs,ms1,priority_topological_repaired,priority_topological_repaired,nDCG@5,5,120,0.11419458183624931,0.10724910974394494,-0.006945472092304366,0.0,-0.01607279557241179,0.0008736685491523545,0.0443,0.12618738126187382,5,9,106,1.0,1.0
scidocs,ms1,topological_repaired,topological_repaired,MAP,,120,0.22399671130192286,0.2176171431874799,-0.006379568114442985,0.0,-0.017741978064314236,0.0033725680263065774,0.1146,0.2696730326967303,22,22,76,1.0,1.0
scidocs,ms1,topological_repaired,topological_repaired,MRR,,120,0.2699113214786589,0.26274247571170944,-0.007168845766949483,0.0,-0.025276076159106344,0.00645440382630785,0.2031,0.48325167483251674,17,16,87,1.0,1.0
scidocs,ms1,topological_repaired,topological_repaired,nDCG@10,10,120,0.14841654995151868,0.14172032158319467,-0.0066962283683239835,0.0,-0.014348079475383685,0.00023383956828826636,0.0296,0.07789221077892211,18,17,85,1.0,1.0
scidocs,ms1,topological_repaired,topological_repaired,nDCG@20,20,120,0.1838027718248335,0.18148319060923407,-0.002319581215599446,0.0,-0.007288492708756638,0.0015938249931020665,0.1552,0.37396260373962603,22,22,76,1.0,1.0
scidocs,ms1,topological_repaired,topological_repaired,nDCG@5,5,120,0.11020924323455981,0.1080591150090364,-0.0021501282255234136,0.0,-0.011591864180415058,0.006283289887063311,0.3351,0.6564343565643436,8,7,105,1.0,1.0
scidocs,ms1_drop_mutual,balance,balance_graph_repaired,MAP,,120,0.21576778435750316,0.21576778435750316,0.0,0.0,0.0,0.0,0.0,1.0,0,0,120,1.0,1.0
scidocs,ms1_drop_mutual,balance,balance_graph_repaired,MRR,,120,0.2565367494276163,0.2565367494276163,0.0,0.0,0.0,0.0,0.0,1.0,0,0,120,1.0,1.0
scidocs,ms1_drop_mutual,balance,balance_graph_repaired,nDCG@10,10,120,0.14428713342334204,0.14428713342334204,0.0,0.0,0.0,0.0,0.0,1.0,0,0,120,1.0,1.0
scidocs,ms1_drop_mutual,balance,balance_graph_repaired,nDCG@20,20,120,0.18197930599135145,0.18197930599135145,0.0,0.0,0.0,0.0,0.0,1.0,0,0,120,1.0,1.0
scidocs,ms1_drop_mutual,balance,balance_graph_repaired,nDCG@5,5,120,0.11350902179454359,0.11350902179454359,0.0,0.0,0.0,0.0,0.0,1.0,0,0,120,1.0,1.0
scidocs,ms1_drop_mutual,balance_hybrid,hybrid_repaired_balance_a0p3_minmax,MAP,,120,0.23741817095419393,0.23741817095419393,0.0,0.0,0.0,0.0,0.0,1.0,0,0,120,1.0,1.0
scidocs,ms1_drop_mutual,balance_hybrid,hybrid_repaired_balance_a0p3_minmax,MRR,,120,0.27660098343921874,0.27660098343921874,0.0,0.0,0.0,0.0,0.0,1.0,0,0,120,1.0,1.0
scidocs,ms1_drop_mutual,balance_hybrid,hybrid_repaired_balance_a0p3_minmax,nDCG@10,10,120,0.1589422810122875,0.1589422810122875,0.0,0.0,0.0,0.0,0.0,1.0,0,0,120,1.0,1.0
scidocs,ms1_drop_mutual,balance_hybrid,hybrid_repaired_balance_a0p3_minmax,nDCG@20,20,120,0.19023611328627013,0.19023611328627013,0.0,0.0,0.0,0.0,0.0,1.0,0,0,120,1.0,1.0
scidocs,ms1_drop_mutual,balance_hybrid,hybrid_repaired_balance_a0p3_minmax,nDCG@5,5,120,0.1204146586621292,0.1204146586621292,0.0,0.0,0.0,0.0,0.0,1.0,0,0,120,1.0,1.0
scidocs,ms1_drop_mutual,copeland,copeland_graph_repaired,MAP,,120,0.2069945928564995,0.2069945928564995,0.0,0.0,0.0,0.0,0.0,1.0,0,0,120,1.0,1.0
scidocs,ms1_drop_mutual,copeland,copeland_graph_repaired,MRR,,120,0.24621152590386336,0.24621152590386336,0.0,0.0,0.0,0.0,0.0,1.0,0,0,120,1.0,1.0
scidocs,ms1_drop_mutual,copeland,copeland_graph_repaired,nDCG@10,10,120,0.13657752706631895,0.13657752706631895,0.0,0.0,0.0,0.0,0.0,1.0,0,0,120,1.0,1.0
scidocs,ms1_drop_mutual,copeland,copeland_graph_repaired,nDCG@20,20,120,0.17721764372638651,0.17721764372638651,0.0,0.0,0.0,0.0,0.0,1.0,0,0,120,1.0,1.0
scidocs,ms1_drop_mutual,copeland,copeland_graph_repaired,nDCG@5,5,120,0.10735662487922272,0.10735662487922272,0.0,0.0,0.0,0.0,0.0,1.0,0,0,120,1.0,1.0
scidocs,ms1_drop_mutual,copeland_hybrid,hybrid_repaired_copeland_a0p3_minmax,MAP,,120,0.2378544071716801,0.2378544071716801,0.0,0.0,0.0,0.0,0.0,1.0,0,0,120,1.0,1.0
scidocs,ms1_drop_mutual,copeland_hybrid,hybrid_repaired_copeland_a0p3_minmax,MRR,,120,0.2758904208536561,0.2758904208536561,0.0,0.0,0.0,0.0,0.0,1.0,0,0,120,1.0,1.0
scidocs,ms1_drop_mutual,copeland_hybrid,hybrid_repaired_copeland_a0p3_minmax,nDCG@10,10,120,0.1585751189603228,0.1585751189603228,0.0,0.0,0.0,0.0,0.0,1.0,0,0,120,1.0,1.0
scidocs,ms1_drop_mutual,copeland_hybrid,hybrid_repaired_copeland_a0p3_minmax,nDCG@20,20,120,0.18973435310150688,0.18973435310150688,0.0,0.0,0.0,0.0,0.0,1.0,0,0,120,1.0,1.0
scidocs,ms1_drop_mutual,copeland_hybrid,hybrid_repaired_copeland_a0p3_minmax,nDCG@5,5,120,0.12021035075788764,0.12021035075788764,0.0,0.0,0.0,0.0,0.0,1.0,0,0,120,1.0,1.0
scidocs,ms1_drop_mutual,markov,markov_graph_repaired,MAP,,120,0.21571620977467856,0.21571620977467856,0.0,0.0,0.0,0.0,0.0,1.0,0,0,120,1.0,1.0
scidocs,ms1_drop_mutual,markov,markov_graph_repaired,MRR,,120,0.2574411806445475,0.2574411806445475,0.0,0.0,0.0,0.0,0.0,1.0,0,0,120,1.0,1.0
scidocs,ms1_drop_mutual,markov,markov_graph_repaired,nDCG@10,10,120,0.14379806046062604,0.14379806046062604,0.0,0.0,0.0,0.0,0.0,1.0,0,0,120,1.0,1.0
scidocs,ms1_drop_mutual,markov,markov_graph_repaired,nDCG@20,20,120,0.18148643993906025,0.18148643993906025,0.0,0.0,0.0,0.0,0.0,1.0,0,0,120,1.0,1.0
scidocs,ms1_drop_mutual,markov,markov_graph_repaired,nDCG@5,5,120,0.11203078101903188,0.11203078101903188,0.0,0.0,0.0,0.0,0.0,1.0,0,0,120,1.0,1.0
scidocs,ms1_drop_mutual,priority_topological_repaired,priority_topological_repaired,MAP,,120,0.20971235400939026,0.20971235400939026,0.0,0.0,0.0,0.0,0.0,1.0,0,0,120,1.0,1.0
scidocs,ms1_drop_mutual,priority_topological_repaired,priority_topological_repaired,MRR,,120,0.25073111597008657,0.25073111597008657,0.0,0.0,0.0,0.0,0.0,1.0,0,0,120,1.0,1.0
scidocs,ms1_drop_mutual,priority_topological_repaired,priority_topological_repaired,nDCG@10,10,120,0.1368785302578443,0.1368785302578443,0.0,0.0,0.0,0.0,0.0,1.0,0,0,120,1.0,1.0
scidocs,ms1_drop_mutual,priority_topological_repaired,priority_topological_repaired,nDCG@20,20,120,0.17890930976190275,0.17890930976190275,0.0,0.0,0.0,0.0,0.0,1.0,0,0,120,1.0,1.0
scidocs,ms1_drop_mutual,priority_topological_repaired,priority_topological_repaired,nDCG@5,5,120,0.10821925956979114,0.10821925956979114,0.0,0.0,0.0,0.0,0.0,1.0,0,0,120,1.0,1.0
scidocs,ms1_drop_mutual,topological_repaired,topological_repaired,MAP,,120,0.20749187337108194,0.20749187337108194,0.0,0.0,0.0,0.0,0.0,1.0,0,0,120,1.0,1.0
scidocs,ms1_drop_mutual,topological_repaired,topological_repaired,MRR,,120,0.24907953361997479,0.24907953361997479,0.0,0.0,0.0,0.0,0.0,1.0,0,0,120,1.0,1.0
scidocs,ms1_drop_mutual,topological_repaired,topological_repaired,nDCG@10,10,120,0.1359615490082809,0.1359615490082809,0.0,0.0,0.0,0.0,0.0,1.0,0,0,120,1.0,1.0
scidocs,ms1_drop_mutual,topological_repaired,topological_repaired,nDCG@20,20,120,0.17794441288616225,0.17794441288616225,0.0,0.0,0.0,0.0,0.0,1.0,0,0,120,1.0,1.0
scidocs,ms1_drop_mutual,topological_repaired,topological_repaired,nDCG@5,5,120,0.10535126054118056,0.10535126054118056,0.0,0.0,0.0,0.0,0.0,1.0,0,0,120,1.0,1.0
scidocs,ms2,balance,balance_graph_repaired,MAP,,120,0.22230020205900622,0.22230020205900622,0.0,0.0,0.0,0.0,0.0,1.0,0,0,120,1.0,1.0
scidocs,ms2,balance,balance_graph_repaired,MRR,,120,0.26696283563930623,0.26696283563930623,0.0,0.0,0.0,0.0,0.0,1.0,0,0,120,1.0,1.0
scidocs,ms2,balance,balance_graph_repaired,nDCG@10,10,120,0.14734135841781215,0.14734135841781215,0.0,0.0,0.0,0.0,0.0,1.0,0,0,120,1.0,1.0
scidocs,ms2,balance,balance_graph_repaired,nDCG@20,20,120,0.1846186111720948,0.1846186111720948,0.0,0.0,0.0,0.0,0.0,1.0,0,0,120,1.0,1.0
scidocs,ms2,balance,balance_graph_repaired,nDCG@5,5,120,0.11729890699560269,0.11729890699560269,0.0,0.0,0.0,0.0,0.0,1.0,0,0,120,1.0,1.0
scidocs,ms2,balance_hybrid,hybrid_repaired_balance_a0p3_minmax,MAP,,120,0.24590704557358325,0.24590704557358325,0.0,0.0,0.0,0.0,0.0,1.0,0,0,120,1.0,1.0
scidocs,ms2,balance_hybrid,hybrid_repaired_balance_a0p3_minmax,MRR,,120,0.28790538845685903,0.28790538845685903,0.0,0.0,0.0,0.0,0.0,1.0,0,0,120,1.0,1.0
scidocs,ms2,balance_hybrid,hybrid_repaired_balance_a0p3_minmax,nDCG@10,10,120,0.16172709078095276,0.16172709078095276,0.0,0.0,0.0,0.0,0.0,1.0,0,0,120,1.0,1.0
scidocs,ms2,balance_hybrid,hybrid_repaired_balance_a0p3_minmax,nDCG@20,20,120,0.19314676524117533,0.19314676524117533,0.0,0.0,0.0,0.0,0.0,1.0,0,0,120,1.0,1.0
scidocs,ms2,balance_hybrid,hybrid_repaired_balance_a0p3_minmax,nDCG@5,5,120,0.12419180336831791,0.12419180336831791,0.0,0.0,0.0,0.0,0.0,1.0,0,0,120,1.0,1.0
scidocs,ms2,copeland,copeland_graph_repaired,MAP,,120,0.23300802917388957,0.23300802917388957,0.0,0.0,0.0,0.0,0.0,1.0,0,0,120,1.0,1.0
scidocs,ms2,copeland,copeland_graph_repaired,MRR,,120,0.2851969313366372,0.2851969313366372,0.0,0.0,0.0,0.0,0.0,1.0,0,0,120,1.0,1.0
scidocs,ms2,copeland,copeland_graph_repaired,nDCG@10,10,120,0.15469458644411269,0.15469458644411269,0.0,0.0,0.0,0.0,0.0,1.0,0,0,120,1.0,1.0
scidocs,ms2,copeland,copeland_graph_repaired,nDCG@20,20,120,0.18935788675195747,0.18935788675195747,0.0,0.0,0.0,0.0,0.0,1.0,0,0,120,1.0,1.0
scidocs,ms2,copeland,copeland_graph_repaired,nDCG@5,5,120,0.12160729496974337,0.12160729496974337,0.0,0.0,0.0,0.0,0.0,1.0,0,0,120,1.0,1.0
scidocs,ms2,copeland_hybrid,hybrid_repaired_copeland_a0p3_minmax,MAP,,120,0.24729825512655748,0.24729825512655748,0.0,0.0,0.0,0.0,0.0,1.0,0,0,120,1.0,1.0
scidocs,ms2,copeland_hybrid,hybrid_repaired_copeland_a0p3_minmax,MRR,,120,0.2878864225371578,0.2878864225371578,0.0,0.0,0.0,0.0,0.0,1.0,0,0,120,1.0,1.0
scidocs,ms2,copeland_hybrid,hybrid_repaired_copeland_a0p3_minmax,nDCG@10,10,120,0.16464943173285726,0.16464943173285726,0.0,0.0,0.0,0.0,0.0,1.0,0,0,120,1.0,1.0
scidocs,ms2,copeland_hybrid,hybrid_repaired_copeland_a0p3_minmax,nDCG@20,20,120,0.19374429727991174,0.19374429727991174,0.0,0.0,0.0,0.0,0.0,1.0,0,0,120,1.0,1.0
scidocs,ms2,copeland_hybrid,hybrid_repaired_copeland_a0p3_minmax,nDCG@5,5,120,0.12467286660899063,0.12467286660899063,0.0,0.0,0.0,0.0,0.0,1.0,0,0,120,1.0,1.0
scidocs,ms2,markov,markov_graph_repaired,MAP,,120,0.21529322755203173,0.21529322755203173,0.0,0.0,0.0,0.0,0.0,1.0,0,0,120,1.0,1.0
scidocs,ms2,markov,markov_graph_repaired,MRR,,120,0.2608956158220864,0.2608956158220864,0.0,0.0,0.0,0.0,0.0,1.0,0,0,120,1.0,1.0
scidocs,ms2,markov,markov_graph_repaired,nDCG@10,10,120,0.14172555302107315,0.14172555302107315,0.0,0.0,0.0,0.0,0.0,1.0,0,0,120,1.0,1.0
scidocs,ms2,markov,markov_graph_repaired,nDCG@20,20,120,0.18211599023480793,0.18211599023480793,0.0,0.0,0.0,0.0,0.0,1.0,0,0,120,1.0,1.0
scidocs,ms2,markov,markov_graph_repaired,nDCG@5,5,120,0.11527885100245791,0.11527885100245791,0.0,0.0,0.0,0.0,0.0,1.0,0,0,120,1.0,1.0
scidocs,ms2,priority_topological_repaired,priority_topological_repaired,MAP,,120,0.2339519166047804,0.2339519166047804,0.0,0.0,0.0,0.0,0.0,1.0,0,0,120,1.0,1.0
scidocs,ms2,priority_topological_repaired,priority_topological_repaired,MRR,,120,0.27915713915713913,0.27915713915713913,0.0,0.0,0.0,0.0,0.0,1.0,0,0,120,1.0,1.0
scidocs,ms2,priority_topological_repaired,priority_topological_repaired,nDCG@10,10,120,0.15263322510642813,0.15263322510642813,0.0,0.0,0.0,0.0,0.0,1.0,0,0,120,1.0,1.0
scidocs,ms2,priority_topological_repaired,priority_topological_repaired,nDCG@20,20,120,0.18986651925129358,0.18986651925129358,0.0,0.0,0.0,0.0,0.0,1.0,0,0,120,1.0,1.0
scidocs,ms2,priority_topological_repaired,priority_topological_repaired,nDCG@5,5,120,0.1203645570898546,0.1203645570898546,0.0,0.0,0.0,0.0,0.0,1.0,0,0,120,1.0,1.0
scidocs,ms2,topological_repaired,topological_repaired,MAP,,120,0.21751494802449395,0.21751494802449395,0.0,0.0,0.0,0.0,0.0,1.0,0,0,120,1.0,1.0
scidocs,ms2,topological_repaired,topological_repaired,MRR,,120,0.26815014574205753,0.26815014574205753,0.0,0.0,0.0,0.0,0.0,1.0,0,0,120,1.0,1.0
scidocs,ms2,topological_repaired,topological_repaired,nDCG@10,10,120,0.14209465367679908,0.14209465367679908,0.0,0.0,0.0,0.0,0.0,1.0,0,0,120,1.0,1.0
scidocs,ms2,topological_repaired,topological_repaired,nDCG@20,20,120,0.18290972965010688,0.18290972965010688,0.0,0.0,0.0,0.0,0.0,1.0,0,0,120,1.0,1.0
scidocs,ms2,topological_repaired,topological_repaired,nDCG@5,5,120,0.1145687270372971,0.1145687270372971,0.0,0.0,0.0,0.0,0.0,1.0,0,0,120,1.0,1.0
