dataset,vote_regime,query_id,provider,policy,n_candidates,pairs_expected,pairs_used,pairs_missing_from_cache,pairs_excluded_no_raw_text,pairs_excluded_response_quality,pairs_excluded_fwd_rev_disagreement,pairs_excluded_retry_policy,usable,is_cyclic,n_sccs,largest_scc_size,n_edges_removed,unrepaired_ndcg,repaired_ndcg,delta_ndcg,help,harm,inactive
fiqa,ms1,0,cohere,P3,10,45,33,0,0,0,12,0,True,False,10,1,0,0.0,0.0,0.0,False,False,True
fiqa,ms1,4,cohere,P3,10,45,19,0,0,0,26,0,True,False,10,1,0,0.0,0.0,0.0,False,False,True
fiqa,ms1,5,cohere,P3,10,45,42,0,0,0,3,0,True,False,10,1,0,0.0,0.0,0.0,False,False,True
fiqa,ms1,6,cohere,P3,10,45,34,0,0,0,11,0,True,False,10,1,0,0.9197207891481876,0.9197207891481876,0.0,False,False,True
fiqa,ms1,7,cohere,P3,10,45,40,0,0,0,5,0,True,False,10,1,0,0.0,0.0,0.0,False,False,True
fiqa,ms1,9,cohere,P3,10,45,25,0,0,0,20,0,True,False,10,1,0,0.0,0.0,0.0,False,False,True
fiqa,ms1,11,cohere,P3,10,45,38,0,0,0,7,0,True,False,10,1,0,0.0,0.0,0.0,False,False,True
fiqa,ms1,12,cohere,P3,10,45,36,0,0,0,9,0,True,False,10,1,0,1.0,1.0,0.0,False,False,True
fiqa,ms1,13,cohere,P3,10,45,33,0,0,0,12,0,True,False,10,1,0,0.0,0.0,0.0,False,False,True
fiqa,ms1,14,cohere,P3,10,45,31,0,0,0,14,0,True,False,10,1,0,1.0,1.0,0.0,False,False,True
fiqa,ms1,16,cohere,P3,10,45,33,0,0,0,12,0,True,False,10,1,0,0.0,0.0,0.0,False,False,True
fiqa,ms1,19,cohere,P3,10,45,33,0,0,0,12,0,True,False,10,1,0,0.0,0.0,0.0,False,False,True
fiqa,ms1,20,cohere,P3,10,45,26,0,0,0,19,0,True,False,10,1,0,0.5,0.5,0.0,False,False,True
fiqa,ms1,21,cohere,P3,10,45,26,0,0,0,19,0,True,False,10,1,0,0.0,0.0,0.0,False,False,True
fiqa,ms1,23,cohere,P3,10,45,40,0,0,0,5,0,True,False,10,1,0,0.0,0.0,0.0,False,False,True
fiqa,ms1,25,cohere,P3,10,45,32,0,0,0,13,0,True,False,10,1,0,0.3562071871080222,0.3562071871080222,0.0,False,False,True
fiqa,ms1,27,cohere,P3,10,45,37,0,0,0,8,0,True,False,10,1,0,0.0,0.0,0.0,False,False,True
fiqa,ms1,28,cohere,P3,10,45,33,0,0,0,12,0,True,False,10,1,0,0.0,0.0,0.0,False,False,True
fiqa,ms1,30,cohere,P3,10,45,34,0,0,0,11,0,True,False,10,1,0,0.6309297535714575,0.6309297535714575,0.0,False,False,True
fiqa,ms1,31,cohere,P3,10,45,33,0,0,0,12,0,True,False,10,1,0,0.0,0.0,0.0,False,False,True
fiqa,ms1,32,cohere,P3,10,45,31,0,0,0,14,0,True,False,10,1,0,1.0,1.0,0.0,False,False,True
fiqa,ms1,33,cohere,P3,10,45,37,0,0,0,8,0,True,False,10,1,0,1.0,1.0,0.0,False,False,True
fiqa,ms1,35,cohere,P3,10,45,24,0,0,0,21,0,True,False,10,1,0,0.0,0.0,0.0,False,False,True
fiqa,ms1,36,cohere,P3,10,45,21,0,0,0,24,0,True,False,9,1,0,0.0,0.0,0.0,False,False,True
fiqa,ms1,37,cohere,P3,10,45,29,0,0,0,16,0,True,False,10,1,0,0.0,0.0,0.0,False,False,True
fiqa,ms2,0,cohere,P3,9,36,25,0,0,0,11,0,True,False,9,1,0,0.0,0.0,0.0,False,False,True
fiqa,ms2,4,cohere,P3,10,45,19,0,0,0,26,0,True,False,10,1,0,0.0,0.0,0.0,False,False,True
fiqa,ms2,5,cohere,P3,7,21,20,0,0,0,1,0,True,False,7,1,0,0.0,0.0,0.0,False,False,True
fiqa,ms2,6,cohere,P3,10,45,34,0,0,0,11,0,True,False,10,1,0,0.9197207891481876,0.9197207891481876,0.0,False,False,True
fiqa,ms2,7,cohere,P3,5,10,9,0,0,0,1,0,True,False,5,1,0,0.0,0.0,0.0,False,False,True
fiqa,ms2,9,cohere,P3,10,45,25,0,0,0,20,0,True,False,10,1,0,0.0,0.0,0.0,False,False,True
fiqa,ms2,11,cohere,P3,10,45,38,0,0,0,7,0,True,False,10,1,0,0.0,0.0,0.0,False,False,True
fiqa,ms2,12,cohere,P3,4,6,4,0,0,0,2,0,True,False,4,1,0,1.0,1.0,0.0,False,False,True
fiqa,ms2,13,cohere,P3,5,10,8,0,0,0,2,0,True,False,5,1,0,0.0,0.0,0.0,False,False,True
fiqa,ms2,14,cohere,P3,9,36,25,0,0,0,11,0,True,False,9,1,0,1.0,1.0,0.0,False,False,True
fiqa,ms2,16,cohere,P3,6,15,13,0,0,0,2,0,True,False,6,1,0,0.0,0.0,0.0,False,False,True
fiqa,ms2,19,cohere,P3,9,36,25,0,0,0,11,0,True,False,9,1,0,0.0,0.0,0.0,False,False,True
fiqa,ms2,20,cohere,P3,6,15,9,0,0,0,6,0,True,False,6,1,0,0.5,0.5,0.0,False,False,True
fiqa,ms2,21,cohere,P3,6,15,3,0,0,0,12,0,True,False,4,1,0,0.0,0.0,0.0,False,False,True
fiqa,ms2,23,cohere,P3,7,21,20,0,0,0,1,0,True,False,7,1,0,0.0,0.0,0.0,False,False,True
fiqa,ms2,25,cohere,P3,10,45,32,0,0,0,13,0,True,False,10,1,0,0.3562071871080222,0.3562071871080222,0.0,False,False,True
fiqa,ms2,27,cohere,P3,5,10,9,0,0,0,1,0,True,False,5,1,0,0.0,0.0,0.0,False,False,True
fiqa,ms2,30,cohere,P3,7,21,18,0,0,0,3,0,True,False,7,1,0,0.6309297535714575,0.6309297535714575,0.0,False,False,True
fiqa,ms2,31,cohere,P3,9,36,24,0,0,0,12,0,True,False,9,1,0,0.0,0.0,0.0,False,False,True
fiqa,ms2,32,cohere,P3,10,45,31,0,0,0,14,0,True,False,10,1,0,1.0,1.0,0.0,False,False,True
fiqa,ms2,33,cohere,P3,10,45,37,0,0,0,8,0,True,False,10,1,0,1.0,1.0,0.0,False,False,True
fiqa,ms2,35,cohere,P3,9,36,16,0,0,0,20,0,True,False,8,1,0,0.0,0.0,0.0,False,False,True
fiqa,ms2,37,cohere,P3,9,36,25,0,0,0,11,0,True,False,9,1,0,0.0,0.0,0.0,False,False,True
fiqa,ms1_drop_mutual,0,cohere,P3,10,45,33,0,0,0,12,0,True,False,10,1,0,0.0,0.0,0.0,False,False,True
fiqa,ms1_drop_mutual,4,cohere,P3,10,45,19,0,0,0,26,0,True,False,10,1,0,0.0,0.0,0.0,False,False,True
fiqa,ms1_drop_mutual,5,cohere,P3,10,45,42,0,0,0,3,0,True,False,10,1,0,0.0,0.0,0.0,False,False,True
fiqa,ms1_drop_mutual,6,cohere,P3,10,45,34,0,0,0,11,0,True,False,10,1,0,0.9197207891481876,0.9197207891481876,0.0,False,False,True
fiqa,ms1_drop_mutual,7,cohere,P3,10,45,40,0,0,0,5,0,True,False,10,1,0,0.0,0.0,0.0,False,False,True
fiqa,ms1_drop_mutual,9,cohere,P3,10,45,25,0,0,0,20,0,True,False,10,1,0,0.0,0.0,0.0,False,False,True
fiqa,ms1_drop_mutual,11,cohere,P3,10,45,38,0,0,0,7,0,True,False,10,1,0,0.0,0.0,0.0,False,False,True
fiqa,ms1_drop_mutual,12,cohere,P3,10,45,36,0,0,0,9,0,True,False,10,1,0,1.0,1.0,0.0,False,False,True
fiqa,ms1_drop_mutual,13,cohere,P3,10,45,33,0,0,0,12,0,True,False,10,1,0,0.0,0.0,0.0,False,False,True
fiqa,ms1_drop_mutual,14,cohere,P3,10,45,31,0,0,0,14,0,True,False,10,1,0,1.0,1.0,0.0,False,False,True
fiqa,ms1_drop_mutual,16,cohere,P3,10,45,33,0,0,0,12,0,True,False,10,1,0,0.0,0.0,0.0,False,False,True
fiqa,ms1_drop_mutual,19,cohere,P3,10,45,33,0,0,0,12,0,True,False,10,1,0,0.0,0.0,0.0,False,False,True
fiqa,ms1_drop_mutual,20,cohere,P3,10,45,26,0,0,0,19,0,True,False,10,1,0,0.5,0.5,0.0,False,False,True
fiqa,ms1_drop_mutual,21,cohere,P3,10,45,26,0,0,0,19,0,True,False,10,1,0,0.0,0.0,0.0,False,False,True
fiqa,ms1_drop_mutual,23,cohere,P3,10,45,40,0,0,0,5,0,True,False,10,1,0,0.0,0.0,0.0,False,False,True
fiqa,ms1_drop_mutual,25,cohere,P3,10,45,32,0,0,0,13,0,True,False,10,1,0,0.3562071871080222,0.3562071871080222,0.0,False,False,True
fiqa,ms1_drop_mutual,27,cohere,P3,10,45,37,0,0,0,8,0,True,False,10,1,0,0.0,0.0,0.0,False,False,True
fiqa,ms1_drop_mutual,28,cohere,P3,10,45,33,0,0,0,12,0,True,False,10,1,0,0.0,0.0,0.0,False,False,True
fiqa,ms1_drop_mutual,30,cohere,P3,10,45,34,0,0,0,11,0,True,False,10,1,0,0.6309297535714575,0.6309297535714575,0.0,False,False,True
fiqa,ms1_drop_mutual,31,cohere,P3,10,45,33,0,0,0,12,0,True,False,10,1,0,0.0,0.0,0.0,False,False,True
fiqa,ms1_drop_mutual,32,cohere,P3,10,45,31,0,0,0,14,0,True,False,10,1,0,1.0,1.0,0.0,False,False,True
fiqa,ms1_drop_mutual,33,cohere,P3,10,45,37,0,0,0,8,0,True,False,10,1,0,1.0,1.0,0.0,False,False,True
fiqa,ms1_drop_mutual,35,cohere,P3,10,45,24,0,0,0,21,0,True,False,10,1,0,0.0,0.0,0.0,False,False,True
fiqa,ms1_drop_mutual,36,cohere,P3,10,45,21,0,0,0,24,0,True,False,9,1,0,0.0,0.0,0.0,False,False,True
fiqa,ms1_drop_mutual,37,cohere,P3,10,45,29,0,0,0,16,0,True,False,10,1,0,0.0,0.0,0.0,False,False,True
hotpotqa,ms1,5a8c7595554299585d9e36b6,cohere,P3,10,45,35,0,0,1,9,0,True,False,10,1,0,0.6309297535714575,0.6309297535714575,0.0,False,False,True
hotpotqa,ms1,5a85ea095542994775f606a8,cohere,P3,10,45,14,0,0,0,31,0,True,False,10,1,0,1.0,1.0,0.0,False,False,True
hotpotqa,ms1,5adbf0a255429947ff17385a,cohere,P3,10,45,31,0,0,2,12,0,True,False,10,1,0,1.0,1.0,0.0,False,False,True
hotpotqa,ms1,5a8e3ea95542995a26add48d,cohere,P3,10,45,31,0,0,0,14,0,True,False,10,1,0,1.0,1.0,0.0,False,False,True
hotpotqa,ms1,5a85b2d95542997b5ce40028,cohere,P3,10,45,32,0,0,0,13,0,True,False,10,1,0,1.0,1.0,0.0,False,False,True
hotpotqa,ms1,5a87ab905542996e4f3088c1,cohere,P3,10,45,16,0,0,0,29,0,True,False,10,1,0,1.0,1.0,0.0,False,False,True
hotpotqa,ms1,5a7bbb64554299042af8f7cc,cohere,P3,10,45,32,0,0,3,10,0,True,False,10,1,0,1.0,1.0,0.0,False,False,True
hotpotqa,ms1,5a7166395542994082a3e814,cohere,P3,10,45,9,0,0,1,35,0,True,False,10,1,0,1.0,1.0,0.0,False,False,True
hotpotqa,ms1,5a877e5d5542993e715abf7d,cohere,P3,10,45,40,0,0,0,5,0,True,False,10,1,0,1.0,1.0,0.0,False,False,True
hotpotqa,ms1,5ab3b0bf5542992ade7c6e39,cohere,P3,10,45,29,0,0,0,16,0,True,True,8,3,1,1.0,1.0,0.0,False,False,True
hotpotqa,ms1,5ab56e32554299637185c594,cohere,P3,10,45,38,0,0,6,1,0,True,False,10,1,0,1.0,1.0,0.0,False,False,True
hotpotqa,ms1,5ab6d09255429954757d337d,cohere,P3,10,45,32,0,0,1,12,0,True,False,10,1,0,1.0,1.0,0.0,False,False,True
hotpotqa,ms1,5a75e05c55429976ec32bc5f,cohere,P3,10,45,26,0,0,0,19,0,True,False,10,1,0,1.0,1.0,0.0,False,False,True
hotpotqa,ms1,5ab3e45655429976abd1bcd4,cohere,P3,10,45,14,0,0,0,31,0,True,True,8,3,1,1.0,1.0,0.0,False,False,True
hotpotqa,ms1,5ae0d4c9554299603e418468,cohere,P3,10,45,14,0,0,0,31,0,True,False,10,1,0,1.0,1.0,0.0,False,False,True
hotpotqa,ms1,5a8133725542995ce29dcbdb,cohere,P3,10,45,41,0,0,1,3,0,True,False,10,1,0,1.0,1.0,0.0,False,False,True
hotpotqa,ms1,5ae6050f55429929b0807a5e,cohere,P3,10,45,33,0,0,2,10,0,True,False,10,1,0,0.43067655807339306,0.43067655807339306,0.0,False,False,True
hotpotqa,ms1,5adddccd5542997dc7907069,cohere,P3,10,45,40,0,0,0,5,0,True,False,10,1,0,0.5,0.5,0.0,False,False,True
hotpotqa,ms1,5ae22b8d554299234fd0440f,cohere,P3,10,45,32,0,0,1,12,0,True,False,10,1,0,0.8503449055347546,0.8503449055347546,0.0,False,False,True
hotpotqa,ms2,5a8c7595554299585d9e36b6,cohere,P3,10,45,35,0,0,1,9,0,True,False,10,1,0,0.6309297535714575,0.6309297535714575,0.0,False,False,True
hotpotqa,ms2,5a85ea095542994775f606a8,cohere,P3,9,36,10,0,0,0,26,0,True,False,9,1,0,1.0,1.0,0.0,False,False,True
hotpotqa,ms2,5adbf0a255429947ff17385a,cohere,P3,10,45,31,0,0,2,12,0,True,False,10,1,0,1.0,1.0,0.0,False,False,True
hotpotqa,ms2,5a8e3ea95542995a26add48d,cohere,P3,10,45,31,0,0,0,14,0,True,False,10,1,0,1.0,1.0,0.0,False,False,True
hotpotqa,ms2,5a85b2d95542997b5ce40028,cohere,P3,10,45,32,0,0,0,13,0,True,False,10,1,0,1.0,1.0,0.0,False,False,True
hotpotqa,ms2,5a87ab905542996e4f3088c1,cohere,P3,10,45,16,0,0,0,29,0,True,False,10,1,0,1.0,1.0,0.0,False,False,True
hotpotqa,ms2,5a7bbb64554299042af8f7cc,cohere,P3,10,45,32,0,0,3,10,0,True,False,10,1,0,1.0,1.0,0.0,False,False,True
hotpotqa,ms2,5a7166395542994082a3e814,cohere,P3,10,45,9,0,0,1,35,0,True,False,10,1,0,1.0,1.0,0.0,False,False,True
hotpotqa,ms2,5a877e5d5542993e715abf7d,cohere,P3,10,45,40,0,0,0,5,0,True,False,10,1,0,1.0,1.0,0.0,False,False,True
hotpotqa,ms2,5ab3b0bf5542992ade7c6e39,cohere,P3,9,36,20,0,0,0,16,0,True,True,7,3,1,0.0,0.0,0.0,False,False,True
hotpotqa,ms2,5ab56e32554299637185c594,cohere,P3,10,45,38,0,0,6,1,0,True,False,10,1,0,1.0,1.0,0.0,False,False,True
hotpotqa,ms2,5ab6d09255429954757d337d,cohere,P3,10,45,32,0,0,1,12,0,True,False,10,1,0,1.0,1.0,0.0,False,False,True
hotpotqa,ms2,5a75e05c55429976ec32bc5f,cohere,P3,10,45,26,0,0,0,19,0,True,False,10,1,0,1.0,1.0,0.0,False,False,True
hotpotqa,ms2,5ab3e45655429976abd1bcd4,cohere,P3,10,45,14,0,0,0,31,0,True,True,8,3,1,1.0,1.0,0.0,False,False,True
hotpotqa,ms2,5ae0d4c9554299603e418468,cohere,P3,10,45,14,0,0,0,31,0,True,False,10,1,0,1.0,1.0,0.0,False,False,True
hotpotqa,ms2,5a8133725542995ce29dcbdb,cohere,P3,10,45,41,0,0,1,3,0,True,False,10,1,0,1.0,1.0,0.0,False,False,True
hotpotqa,ms2,5ae6050f55429929b0807a5e,cohere,P3,10,45,33,0,0,2,10,0,True,False,10,1,0,0.43067655807339306,0.43067655807339306,0.0,False,False,True
hotpotqa,ms2,5adddccd5542997dc7907069,cohere,P3,10,45,40,0,0,0,5,0,True,False,10,1,0,0.5,0.5,0.0,False,False,True
hotpotqa,ms2,5ae22b8d554299234fd0440f,cohere,P3,10,45,32,0,0,1,12,0,True,False,10,1,0,0.8503449055347546,0.8503449055347546,0.0,False,False,True
hotpotqa,ms1_drop_mutual,5a8c7595554299585d9e36b6,cohere,P3,10,45,35,0,0,1,9,0,True,False,10,1,0,0.6309297535714575,0.6309297535714575,0.0,False,False,True
hotpotqa,ms1_drop_mutual,5a85ea095542994775f606a8,cohere,P3,10,45,14,0,0,0,31,0,True,False,10,1,0,1.0,1.0,0.0,False,False,True
hotpotqa,ms1_drop_mutual,5adbf0a255429947ff17385a,cohere,P3,10,45,31,0,0,2,12,0,True,False,10,1,0,1.0,1.0,0.0,False,False,True
hotpotqa,ms1_drop_mutual,5a8e3ea95542995a26add48d,cohere,P3,10,45,31,0,0,0,14,0,True,False,10,1,0,1.0,1.0,0.0,False,False,True
hotpotqa,ms1_drop_mutual,5a85b2d95542997b5ce40028,cohere,P3,10,45,32,0,0,0,13,0,True,False,10,1,0,1.0,1.0,0.0,False,False,True
hotpotqa,ms1_drop_mutual,5a87ab905542996e4f3088c1,cohere,P3,10,45,16,0,0,0,29,0,True,False,10,1,0,1.0,1.0,0.0,False,False,True
hotpotqa,ms1_drop_mutual,5a7bbb64554299042af8f7cc,cohere,P3,10,45,32,0,0,3,10,0,True,False,10,1,0,1.0,1.0,0.0,False,False,True
hotpotqa,ms1_drop_mutual,5a7166395542994082a3e814,cohere,P3,10,45,9,0,0,1,35,0,True,False,10,1,0,1.0,1.0,0.0,False,False,True
hotpotqa,ms1_drop_mutual,5a877e5d5542993e715abf7d,cohere,P3,10,45,40,0,0,0,5,0,True,False,10,1,0,1.0,1.0,0.0,False,False,True
hotpotqa,ms1_drop_mutual,5ab3b0bf5542992ade7c6e39,cohere,P3,10,45,29,0,0,0,16,0,True,True,8,3,1,1.0,1.0,0.0,False,False,True
hotpotqa,ms1_drop_mutual,5ab56e32554299637185c594,cohere,P3,10,45,38,0,0,6,1,0,True,False,10,1,0,1.0,1.0,0.0,False,False,True
hotpotqa,ms1_drop_mutual,5ab6d09255429954757d337d,cohere,P3,10,45,32,0,0,1,12,0,True,False,10,1,0,1.0,1.0,0.0,False,False,True
hotpotqa,ms1_drop_mutual,5a75e05c55429976ec32bc5f,cohere,P3,10,45,26,0,0,0,19,0,True,False,10,1,0,1.0,1.0,0.0,False,False,True
hotpotqa,ms1_drop_mutual,5ab3e45655429976abd1bcd4,cohere,P3,10,45,14,0,0,0,31,0,True,True,8,3,1,1.0,1.0,0.0,False,False,True
hotpotqa,ms1_drop_mutual,5ae0d4c9554299603e418468,cohere,P3,10,45,14,0,0,0,31,0,True,False,10,1,0,1.0,1.0,0.0,False,False,True
hotpotqa,ms1_drop_mutual,5a8133725542995ce29dcbdb,cohere,P3,10,45,41,0,0,1,3,0,True,False,10,1,0,1.0,1.0,0.0,False,False,True
hotpotqa,ms1_drop_mutual,5ae6050f55429929b0807a5e,cohere,P3,10,45,33,0,0,2,10,0,True,False,10,1,0,0.43067655807339306,0.43067655807339306,0.0,False,False,True
hotpotqa,ms1_drop_mutual,5adddccd5542997dc7907069,cohere,P3,10,45,40,0,0,0,5,0,True,False,10,1,0,0.5,0.5,0.0,False,False,True
hotpotqa,ms1_drop_mutual,5ae22b8d554299234fd0440f,cohere,P3,10,45,32,0,0,1,12,0,True,False,10,1,0,0.8503449055347546,0.8503449055347546,0.0,False,False,True
bright,ms1,biology:0,cohere,P3,9,36,0,0,0,0,36,0,False,,,,,,,,,,
bright,ms1,biology:1,cohere,P3,10,45,32,0,0,0,13,0,True,False,10,1,0,1.0,1.0,0.0,False,False,True
bright,ms1,biology:2,cohere,P3,10,45,14,0,0,0,31,0,True,False,10,1,0,0.0,0.0,0.0,False,False,True
bright,ms1,biology:3,cohere,P3,10,45,29,0,0,0,16,0,True,False,10,1,0,1.0,1.0,0.0,False,False,True
bright,ms1,biology:4,cohere,P3,10,45,29,0,0,0,16,0,True,False,10,1,0,1.0,1.0,0.0,False,False,True
bright,ms1,biology:5,cohere,P3,10,45,28,0,0,0,17,0,True,False,10,1,0,1.0,1.0,0.0,False,False,True
bright,ms1,biology:6,cohere,P3,10,45,37,0,0,0,8,0,True,False,10,1,0,1.0,1.0,0.0,False,False,True
bright,ms1,biology:7,cohere,P3,10,45,29,0,0,0,16,0,True,False,10,1,0,1.0,1.0,0.0,False,False,True
bright,ms1,biology:8,cohere,P3,10,45,24,0,0,1,20,0,True,False,10,1,0,1.0,1.0,0.0,False,False,True
bright,ms1,biology:9,cohere,P3,10,45,32,0,0,0,13,0,True,False,10,1,0,0.8065735963827293,0.8065735963827293,0.0,False,False,True
bright,ms1,biology:10,cohere,P3,10,45,29,0,0,0,16,0,True,False,10,1,0,1.0,1.0,0.0,False,False,True
bright,ms1,biology:11,cohere,P3,10,45,17,0,0,0,28,0,True,False,9,1,0,1.0,1.0,0.0,False,False,True
bright,ms1,biology:12,cohere,P3,10,45,36,0,0,0,9,0,True,False,10,1,0,0.9512312000626861,0.9512312000626861,0.0,False,False,True
bright,ms1,biology:13,cohere,P3,10,45,33,0,0,0,12,0,True,False,10,1,0,1.0,1.0,0.0,False,False,True
bright,ms1,biology:14,cohere,P3,8,28,26,0,0,0,2,0,True,False,8,1,0,0.943473299121064,0.943473299121064,0.0,False,False,True
bright,ms1,biology:15,cohere,P3,9,36,28,0,0,0,8,0,True,False,9,1,0,1.0,1.0,0.0,False,False,True
bright,ms1,biology:16,cohere,P3,7,21,11,0,0,1,9,0,True,False,7,1,0,0.0,0.0,0.0,False,False,True
bright,ms1,biology:17,cohere,P3,10,45,37,0,0,0,8,0,True,False,10,1,0,0.9963488021549354,0.9963488021549354,0.0,False,False,True
bright,ms1,biology:18,cohere,P3,10,45,3,0,0,0,42,0,True,False,5,1,0,0.0,0.0,0.0,False,False,True
bright,ms1,biology:19,cohere,P3,10,45,20,0,0,0,25,0,True,False,10,1,0,1.0,1.0,0.0,False,False,True
bright,ms1,biology:20,cohere,P3,8,28,26,0,0,0,2,0,True,False,8,1,0,0.9930783166417602,0.9930783166417602,0.0,False,False,True
bright,ms1,biology:21,cohere,P3,10,45,36,0,0,0,9,0,True,False,10,1,0,0.9950883841893561,0.9950883841893561,0.0,False,False,True
bright,ms1,biology:22,cohere,P3,10,45,17,0,0,0,28,0,True,False,10,1,0,1.0,1.0,0.0,False,False,True
bright,ms1,biology:23,cohere,P3,7,21,8,0,0,0,13,0,True,False,7,1,0,0.0,0.0,0.0,False,False,True
bright,ms1,biology:24,cohere,P3,10,45,24,0,0,0,21,0,True,False,10,1,0,1.0,1.0,0.0,False,False,True
bright,ms2,biology:1,cohere,P3,2,1,1,0,0,0,0,0,False,,,,,,,,,,
bright,ms2,biology:2,cohere,P3,9,36,12,0,0,0,24,0,True,False,9,1,0,0.0,0.0,0.0,False,False,True
bright,ms2,biology:3,cohere,P3,8,28,20,0,0,0,8,0,True,False,8,1,0,1.0,1.0,0.0,False,False,True
bright,ms2,biology:4,cohere,P3,4,6,4,0,0,0,2,0,True,False,4,1,0,1.0,1.0,0.0,False,False,True
bright,ms2,biology:5,cohere,P3,8,28,20,0,0,0,8,0,True,False,8,1,0,1.0,1.0,0.0,False,False,True
bright,ms2,biology:6,cohere,P3,3,3,3,0,0,0,0,0,True,False,3,1,0,1.0,1.0,0.0,False,False,True
bright,ms2,biology:7,cohere,P3,10,45,29,0,0,0,16,0,True,False,10,1,0,1.0,1.0,0.0,False,False,True
bright,ms2,biology:8,cohere,P3,9,36,15,0,0,1,20,0,True,False,8,1,0,0.0,0.0,0.0,False,False,True
bright,ms2,biology:9,cohere,P3,10,45,32,0,0,0,13,0,True,False,10,1,0,0.8065735963827293,0.8065735963827293,0.0,False,False,True
bright,ms2,biology:10,cohere,P3,10,45,29,0,0,0,16,0,True,False,10,1,0,1.0,1.0,0.0,False,False,True
bright,ms2,biology:11,cohere,P3,8,28,13,0,0,0,15,0,True,False,8,1,0,1.0,1.0,0.0,False,False,True
bright,ms2,biology:12,cohere,P3,9,36,27,0,0,0,9,0,True,False,9,1,0,0.9047172294870751,0.9047172294870751,0.0,False,False,True
bright,ms2,biology:13,cohere,P3,6,15,11,0,0,0,4,0,True,False,6,1,0,1.0,1.0,0.0,False,False,True
bright,ms2,biology:17,cohere,P3,10,45,37,0,0,0,8,0,True,False,10,1,0,0.9963488021549354,0.9963488021549354,0.0,False,False,True
bright,ms2,biology:18,cohere,P3,2,1,0,0,0,0,1,0,False,,,,,,,,,,
bright,ms2,biology:19,cohere,P3,7,21,12,0,0,0,9,0,True,False,7,1,0,1.0,1.0,0.0,False,False,True
bright,ms2,biology:20,cohere,P3,7,21,20,0,0,0,1,0,True,False,7,1,0,0.9896062251871525,0.9896062251871525,0.0,False,False,True
bright,ms2,biology:21,cohere,P3,7,21,18,0,0,0,3,0,True,False,7,1,0,1.0,1.0,0.0,False,False,True
bright,ms2,biology:22,cohere,P3,5,10,4,0,0,0,6,0,True,False,5,1,0,1.0,1.0,0.0,False,False,True
bright,ms2,biology:24,cohere,P3,4,6,5,0,0,0,1,0,True,False,4,1,0,1.0,1.0,0.0,False,False,True
bright,ms1_drop_mutual,biology:0,cohere,P3,9,36,0,0,0,0,36,0,False,,,,,,,,,,
bright,ms1_drop_mutual,biology:1,cohere,P3,10,45,32,0,0,0,13,0,True,False,10,1,0,1.0,1.0,0.0,False,False,True
bright,ms1_drop_mutual,biology:2,cohere,P3,10,45,14,0,0,0,31,0,True,False,10,1,0,0.0,0.0,0.0,False,False,True
bright,ms1_drop_mutual,biology:3,cohere,P3,10,45,29,0,0,0,16,0,True,False,10,1,0,1.0,1.0,0.0,False,False,True
bright,ms1_drop_mutual,biology:4,cohere,P3,10,45,29,0,0,0,16,0,True,False,10,1,0,1.0,1.0,0.0,False,False,True
bright,ms1_drop_mutual,biology:5,cohere,P3,10,45,28,0,0,0,17,0,True,False,10,1,0,1.0,1.0,0.0,False,False,True
bright,ms1_drop_mutual,biology:6,cohere,P3,10,45,37,0,0,0,8,0,True,False,10,1,0,1.0,1.0,0.0,False,False,True
bright,ms1_drop_mutual,biology:7,cohere,P3,10,45,29,0,0,0,16,0,True,False,10,1,0,1.0,1.0,0.0,False,False,True
bright,ms1_drop_mutual,biology:8,cohere,P3,10,45,24,0,0,1,20,0,True,False,10,1,0,1.0,1.0,0.0,False,False,True
bright,ms1_drop_mutual,biology:9,cohere,P3,10,45,32,0,0,0,13,0,True,False,10,1,0,0.8065735963827293,0.8065735963827293,0.0,False,False,True
bright,ms1_drop_mutual,biology:10,cohere,P3,10,45,29,0,0,0,16,0,True,False,10,1,0,1.0,1.0,0.0,False,False,True
bright,ms1_drop_mutual,biology:11,cohere,P3,10,45,17,0,0,0,28,0,True,False,9,1,0,1.0,1.0,0.0,False,False,True
bright,ms1_drop_mutual,biology:12,cohere,P3,10,45,36,0,0,0,9,0,True,False,10,1,0,0.9512312000626861,0.9512312000626861,0.0,False,False,True
bright,ms1_drop_mutual,biology:13,cohere,P3,10,45,33,0,0,0,12,0,True,False,10,1,0,1.0,1.0,0.0,False,False,True
bright,ms1_drop_mutual,biology:14,cohere,P3,8,28,26,0,0,0,2,0,True,False,8,1,0,0.943473299121064,0.943473299121064,0.0,False,False,True
bright,ms1_drop_mutual,biology:15,cohere,P3,9,36,28,0,0,0,8,0,True,False,9,1,0,1.0,1.0,0.0,False,False,True
bright,ms1_drop_mutual,biology:16,cohere,P3,7,21,11,0,0,1,9,0,True,False,7,1,0,0.0,0.0,0.0,False,False,True
bright,ms1_drop_mutual,biology:17,cohere,P3,10,45,37,0,0,0,8,0,True,False,10,1,0,0.9963488021549354,0.9963488021549354,0.0,False,False,True
bright,ms1_drop_mutual,biology:18,cohere,P3,10,45,3,0,0,0,42,0,True,False,5,1,0,0.0,0.0,0.0,False,False,True
bright,ms1_drop_mutual,biology:19,cohere,P3,10,45,20,0,0,0,25,0,True,False,10,1,0,1.0,1.0,0.0,False,False,True
bright,ms1_drop_mutual,biology:20,cohere,P3,8,28,26,0,0,0,2,0,True,False,8,1,0,0.9930783166417602,0.9930783166417602,0.0,False,False,True
bright,ms1_drop_mutual,biology:21,cohere,P3,10,45,36,0,0,0,9,0,True,False,10,1,0,0.9950883841893561,0.9950883841893561,0.0,False,False,True
bright,ms1_drop_mutual,biology:22,cohere,P3,10,45,17,0,0,0,28,0,True,False,10,1,0,1.0,1.0,0.0,False,False,True
bright,ms1_drop_mutual,biology:23,cohere,P3,7,21,8,0,0,0,13,0,True,False,7,1,0,0.0,0.0,0.0,False,False,True
bright,ms1_drop_mutual,biology:24,cohere,P3,10,45,24,0,0,0,21,0,True,False,10,1,0,1.0,1.0,0.0,False,False,True
fiqa,ms1,0,azure,P3,10,45,41,0,0,0,4,0,True,False,10,1,0,0.0,0.0,0.0,False,False,True
fiqa,ms1,4,azure,P3,10,45,35,0,0,0,10,0,True,False,10,1,0,0.0,0.0,0.0,False,False,True
fiqa,ms1,5,azure,P3,10,45,39,0,0,0,6,0,True,False,10,1,0,0.0,0.0,0.0,False,False,True
fiqa,ms1,6,azure,P3,10,45,41,0,0,0,4,0,True,False,10,1,0,0.8772153153380493,0.8772153153380493,0.0,False,False,True
fiqa,ms1,7,azure,P3,10,45,42,0,0,0,3,0,True,False,10,1,0,0.0,0.0,0.0,False,False,True
fiqa,ms1,9,azure,P3,10,45,39,0,0,0,6,0,True,True,8,3,1,0.0,0.0,0.0,False,False,True
fiqa,ms1,11,azure,P3,10,45,38,0,0,0,7,0,True,False,10,1,0,0.0,0.0,0.0,False,False,True
fiqa,ms1,12,azure,P3,10,45,39,0,0,0,6,0,True,False,10,1,0,1.0,1.0,0.0,False,False,True
fiqa,ms1,13,azure,P3,10,45,39,0,0,0,6,0,True,False,10,1,0,0.0,0.0,0.0,False,False,True
fiqa,ms1,14,azure,P3,10,45,43,0,0,0,2,0,True,False,10,1,0,1.0,1.0,0.0,False,False,True
fiqa,ms1,16,azure,P3,10,45,42,0,0,0,3,0,True,False,10,1,0,0.0,0.0,0.0,False,False,True
fiqa,ms1,19,azure,P3,10,45,39,0,0,0,6,0,True,False,10,1,0,0.0,0.0,0.0,False,False,True
fiqa,ms1,20,azure,P3,10,45,41,0,0,0,4,0,True,False,10,1,0,1.0,1.0,0.0,False,False,True
fiqa,ms1,21,azure,P3,10,45,40,0,0,0,5,0,True,False,10,1,0,0.0,0.0,0.0,False,False,True
fiqa,ms1,23,azure,P3,10,45,33,0,0,0,12,0,True,False,10,1,0,0.0,0.0,0.0,False,False,True
fiqa,ms1,25,azure,P3,10,45,37,0,0,0,8,0,True,False,10,1,0,0.38685280723454163,0.38685280723454163,0.0,False,False,True
fiqa,ms1,27,azure,P3,10,45,41,0,0,0,4,0,True,False,10,1,0,0.0,0.0,0.0,False,False,True
fiqa,ms1,28,azure,P3,10,45,42,0,0,0,3,0,True,False,10,1,0,0.0,0.0,0.0,False,False,True
fiqa,ms1,30,azure,P3,10,45,37,0,0,0,8,0,True,False,10,1,0,1.0,1.0,0.0,False,False,True
fiqa,ms1,31,azure,P3,10,45,40,0,0,0,5,0,True,False,10,1,0,0.0,0.0,0.0,False,False,True
fiqa,ms1,32,azure,P3,10,45,29,0,0,0,16,0,True,False,10,1,0,1.0,1.0,0.0,False,False,True
fiqa,ms1,33,azure,P3,10,45,40,0,0,0,5,0,True,False,10,1,0,1.0,1.0,0.0,False,False,True
fiqa,ms1,35,azure,P3,10,45,37,0,0,0,8,0,True,False,10,1,0,0.0,0.0,0.0,False,False,True
fiqa,ms1,36,azure,P3,10,45,30,0,0,0,15,0,True,False,10,1,0,0.0,0.0,0.0,False,False,True
fiqa,ms1,37,azure,P3,10,45,36,0,0,0,9,0,True,False,10,1,0,0.0,0.0,0.0,False,False,True
fiqa,ms2,0,azure,P3,9,36,32,0,0,0,4,0,True,False,9,1,0,0.0,0.0,0.0,False,False,True
fiqa,ms2,4,azure,P3,10,45,35,0,0,0,10,0,True,False,10,1,0,0.0,0.0,0.0,False,False,True
fiqa,ms2,5,azure,P3,7,21,19,0,0,0,2,0,True,False,7,1,0,0.0,0.0,0.0,False,False,True
fiqa,ms2,6,azure,P3,10,45,41,0,0,0,4,0,True,False,10,1,0,0.8772153153380493,0.8772153153380493,0.0,False,False,True
fiqa,ms2,7,azure,P3,5,10,10,0,0,0,0,0,True,False,5,1,0,0.0,0.0,0.0,False,False,True
fiqa,ms2,9,azure,P3,10,45,39,0,0,0,6,0,True,True,8,3,1,0.0,0.0,0.0,False,False,True
fiqa,ms2,11,azure,P3,10,45,38,0,0,0,7,0,True,False,10,1,0,0.0,0.0,0.0,False,False,True
fiqa,ms2,12,azure,P3,4,6,5,0,0,0,1,0,True,False,4,1,0,1.0,1.0,0.0,False,False,True
fiqa,ms2,13,azure,P3,5,10,7,0,0,0,3,0,True,False,5,1,0,0.0,0.0,0.0,False,False,True
fiqa,ms2,14,azure,P3,9,36,35,0,0,0,1,0,True,False,9,1,0,1.0,1.0,0.0,False,False,True
fiqa,ms2,16,azure,P3,6,15,14,0,0,0,1,0,True,False,6,1,0,0.0,0.0,0.0,False,False,True
fiqa,ms2,19,azure,P3,9,36,30,0,0,0,6,0,True,False,9,1,0,0.0,0.0,0.0,False,False,True
fiqa,ms2,20,azure,P3,6,15,14,0,0,0,1,0,True,False,6,1,0,1.0,1.0,0.0,False,False,True
fiqa,ms2,21,azure,P3,6,15,11,0,0,0,4,0,True,False,6,1,0,0.0,0.0,0.0,False,False,True
fiqa,ms2,23,azure,P3,7,21,14,0,0,0,7,0,True,False,7,1,0,0.0,0.0,0.0,False,False,True
fiqa,ms2,25,azure,P3,10,45,37,0,0,0,8,0,True,False,10,1,0,0.38685280723454163,0.38685280723454163,0.0,False,False,True
fiqa,ms2,27,azure,P3,5,10,9,0,0,0,1,0,True,False,5,1,0,0.0,0.0,0.0,False,False,True
fiqa,ms2,30,azure,P3,7,21,18,0,0,0,3,0,True,False,7,1,0,1.0,1.0,0.0,False,False,True
fiqa,ms2,31,azure,P3,9,36,31,0,0,0,5,0,True,False,9,1,0,0.0,0.0,0.0,False,False,True
fiqa,ms2,32,azure,P3,10,45,29,0,0,0,16,0,True,False,10,1,0,1.0,1.0,0.0,False,False,True
fiqa,ms2,33,azure,P3,10,45,40,0,0,0,5,0,True,False,10,1,0,1.0,1.0,0.0,False,False,True
fiqa,ms2,35,azure,P3,9,36,28,0,0,0,8,0,True,False,9,1,0,0.0,0.0,0.0,False,False,True
fiqa,ms2,37,azure,P3,9,36,30,0,0,0,6,0,True,False,9,1,0,0.0,0.0,0.0,False,False,True
fiqa,ms1_drop_mutual,0,azure,P3,10,45,41,0,0,0,4,0,True,False,10,1,0,0.0,0.0,0.0,False,False,True
fiqa,ms1_drop_mutual,4,azure,P3,10,45,35,0,0,0,10,0,True,False,10,1,0,0.0,0.0,0.0,False,False,True
fiqa,ms1_drop_mutual,5,azure,P3,10,45,39,0,0,0,6,0,True,False,10,1,0,0.0,0.0,0.0,False,False,True
fiqa,ms1_drop_mutual,6,azure,P3,10,45,41,0,0,0,4,0,True,False,10,1,0,0.8772153153380493,0.8772153153380493,0.0,False,False,True
fiqa,ms1_drop_mutual,7,azure,P3,10,45,42,0,0,0,3,0,True,False,10,1,0,0.0,0.0,0.0,False,False,True
fiqa,ms1_drop_mutual,9,azure,P3,10,45,39,0,0,0,6,0,True,True,8,3,1,0.0,0.0,0.0,False,False,True
fiqa,ms1_drop_mutual,11,azure,P3,10,45,38,0,0,0,7,0,True,False,10,1,0,0.0,0.0,0.0,False,False,True
fiqa,ms1_drop_mutual,12,azure,P3,10,45,39,0,0,0,6,0,True,False,10,1,0,1.0,1.0,0.0,False,False,True
fiqa,ms1_drop_mutual,13,azure,P3,10,45,39,0,0,0,6,0,True,False,10,1,0,0.0,0.0,0.0,False,False,True
fiqa,ms1_drop_mutual,14,azure,P3,10,45,43,0,0,0,2,0,True,False,10,1,0,1.0,1.0,0.0,False,False,True
fiqa,ms1_drop_mutual,16,azure,P3,10,45,42,0,0,0,3,0,True,False,10,1,0,0.0,0.0,0.0,False,False,True
fiqa,ms1_drop_mutual,19,azure,P3,10,45,39,0,0,0,6,0,True,False,10,1,0,0.0,0.0,0.0,False,False,True
fiqa,ms1_drop_mutual,20,azure,P3,10,45,41,0,0,0,4,0,True,False,10,1,0,1.0,1.0,0.0,False,False,True
fiqa,ms1_drop_mutual,21,azure,P3,10,45,40,0,0,0,5,0,True,False,10,1,0,0.0,0.0,0.0,False,False,True
fiqa,ms1_drop_mutual,23,azure,P3,10,45,33,0,0,0,12,0,True,False,10,1,0,0.0,0.0,0.0,False,False,True
fiqa,ms1_drop_mutual,25,azure,P3,10,45,37,0,0,0,8,0,True,False,10,1,0,0.38685280723454163,0.38685280723454163,0.0,False,False,True
fiqa,ms1_drop_mutual,27,azure,P3,10,45,41,0,0,0,4,0,True,False,10,1,0,0.0,0.0,0.0,False,False,True
fiqa,ms1_drop_mutual,28,azure,P3,10,45,42,0,0,0,3,0,True,False,10,1,0,0.0,0.0,0.0,False,False,True
fiqa,ms1_drop_mutual,30,azure,P3,10,45,37,0,0,0,8,0,True,False,10,1,0,1.0,1.0,0.0,False,False,True
fiqa,ms1_drop_mutual,31,azure,P3,10,45,40,0,0,0,5,0,True,False,10,1,0,0.0,0.0,0.0,False,False,True
fiqa,ms1_drop_mutual,32,azure,P3,10,45,29,0,0,0,16,0,True,False,10,1,0,1.0,1.0,0.0,False,False,True
fiqa,ms1_drop_mutual,33,azure,P3,10,45,40,0,0,0,5,0,True,False,10,1,0,1.0,1.0,0.0,False,False,True
fiqa,ms1_drop_mutual,35,azure,P3,10,45,37,0,0,0,8,0,True,False,10,1,0,0.0,0.0,0.0,False,False,True
fiqa,ms1_drop_mutual,36,azure,P3,10,45,30,0,0,0,15,0,True,False,10,1,0,0.0,0.0,0.0,False,False,True
fiqa,ms1_drop_mutual,37,azure,P3,10,45,36,0,0,0,9,0,True,False,10,1,0,0.0,0.0,0.0,False,False,True
hotpotqa,ms1,5a8c7595554299585d9e36b6,azure,P3,10,45,33,0,0,0,12,0,True,False,10,1,0,1.0,1.0,0.0,False,False,True
hotpotqa,ms1,5a85ea095542994775f606a8,azure,P3,10,45,33,0,0,1,11,0,True,False,10,1,0,1.0,1.0,0.0,False,False,True
hotpotqa,ms1,5adbf0a255429947ff17385a,azure,P3,10,45,32,0,0,6,7,0,True,False,10,1,0,1.0,1.0,0.0,False,False,True
hotpotqa,ms1,5a8e3ea95542995a26add48d,azure,P3,10,45,34,0,0,1,10,0,True,True,7,4,2,1.0,1.0,0.0,False,False,True
hotpotqa,ms1,5a85b2d95542997b5ce40028,azure,P3,10,45,34,0,0,3,8,0,True,False,10,1,0,1.0,1.0,0.0,False,False,True
hotpotqa,ms1,5a87ab905542996e4f3088c1,azure,P3,10,45,34,0,0,9,2,0,True,False,10,1,0,1.0,1.0,0.0,False,False,True
hotpotqa,ms1,5a7bbb64554299042af8f7cc,azure,P3,10,45,35,0,0,0,10,0,True,False,10,1,0,1.0,1.0,0.0,False,False,True
hotpotqa,ms1,5a7166395542994082a3e814,azure,P3,10,45,37,0,0,0,8,0,True,False,10,1,0,1.0,1.0,0.0,False,False,True
hotpotqa,ms1,5a877e5d5542993e715abf7d,azure,P3,10,45,31,0,0,0,14,0,True,False,10,1,0,1.0,1.0,0.0,False,False,True
hotpotqa,ms1,5ab3b0bf5542992ade7c6e39,azure,P3,10,45,30,0,0,0,15,0,True,False,10,1,0,0.6309297535714575,0.6309297535714575,0.0,False,False,True
hotpotqa,ms1,5ab56e32554299637185c594,azure,P3,10,45,37,0,0,1,7,0,True,False,10,1,0,0.6934264036172708,0.6934264036172708,0.0,False,False,True
hotpotqa,ms1,5ab6d09255429954757d337d,azure,P3,10,45,35,0,0,0,10,0,True,False,10,1,0,1.0,1.0,0.0,False,False,True
hotpotqa,ms1,5a75e05c55429976ec32bc5f,azure,P3,10,45,38,0,0,1,6,0,True,False,10,1,0,1.0,1.0,0.0,False,False,True
hotpotqa,ms1,5ab3e45655429976abd1bcd4,azure,P3,10,45,23,0,0,0,22,0,True,False,10,1,0,1.0,1.0,0.0,False,False,True
hotpotqa,ms1,5ae0d4c9554299603e418468,azure,P3,10,45,39,0,0,0,6,0,True,False,10,1,0,1.0,1.0,0.0,False,False,True
hotpotqa,ms1,5a8133725542995ce29dcbdb,azure,P3,10,45,35,0,0,2,8,0,True,False,10,1,0,1.0,1.0,0.0,False,False,True
hotpotqa,ms1,5ae6050f55429929b0807a5e,azure,P3,10,45,37,0,0,1,7,0,True,False,10,1,0,0.5,0.5,0.0,False,False,True
hotpotqa,ms1,5adddccd5542997dc7907069,azure,P3,10,45,37,0,0,0,8,0,True,False,10,1,0,0.5,0.5,0.0,False,False,True
hotpotqa,ms1,5ae22b8d554299234fd0440f,azure,P3,10,45,38,0,0,0,7,0,True,False,10,1,0,0.6240505200038379,0.6240505200038379,0.0,False,False,True
hotpotqa,ms2,5a8c7595554299585d9e36b6,azure,P3,10,45,33,0,0,0,12,0,True,False,10,1,0,1.0,1.0,0.0,False,False,True
hotpotqa,ms2,5a85ea095542994775f606a8,azure,P3,9,36,25,0,0,1,10,0,True,False,9,1,0,1.0,1.0,0.0,False,False,True
hotpotqa,ms2,5adbf0a255429947ff17385a,azure,P3,10,45,32,0,0,6,7,0,True,False,10,1,0,1.0,1.0,0.0,False,False,True
hotpotqa,ms2,5a8e3ea95542995a26add48d,azure,P3,10,45,34,0,0,1,10,0,True,True,7,4,2,1.0,1.0,0.0,False,False,True
hotpotqa,ms2,5a85b2d95542997b5ce40028,azure,P3,10,45,34,0,0,3,8,0,True,False,10,1,0,1.0,1.0,0.0,False,False,True
hotpotqa,ms2,5a87ab905542996e4f3088c1,azure,P3,10,45,34,0,0,9,2,0,True,False,10,1,0,1.0,1.0,0.0,False,False,True
hotpotqa,ms2,5a7bbb64554299042af8f7cc,azure,P3,10,45,35,0,0,0,10,0,True,False,10,1,0,1.0,1.0,0.0,False,False,True
hotpotqa,ms2,5a7166395542994082a3e814,azure,P3,10,45,37,0,0,0,8,0,True,False,10,1,0,1.0,1.0,0.0,False,False,True
hotpotqa,ms2,5a877e5d5542993e715abf7d,azure,P3,10,45,31,0,0,0,14,0,True,False,10,1,0,1.0,1.0,0.0,False,False,True
hotpotqa,ms2,5ab3b0bf5542992ade7c6e39,azure,P3,9,36,22,0,0,0,14,0,True,False,9,1,0,0.0,0.0,0.0,False,False,True
hotpotqa,ms2,5ab56e32554299637185c594,azure,P3,10,45,37,0,0,1,7,0,True,False,10,1,0,0.6934264036172708,0.6934264036172708,0.0,False,False,True
hotpotqa,ms2,5ab6d09255429954757d337d,azure,P3,10,45,35,0,0,0,10,0,True,False,10,1,0,1.0,1.0,0.0,False,False,True
hotpotqa,ms2,5a75e05c55429976ec32bc5f,azure,P3,10,45,38,0,0,1,6,0,True,False,10,1,0,1.0,1.0,0.0,False,False,True
hotpotqa,ms2,5ab3e45655429976abd1bcd4,azure,P3,10,45,23,0,0,0,22,0,True,False,10,1,0,1.0,1.0,0.0,False,False,True
hotpotqa,ms2,5ae0d4c9554299603e418468,azure,P3,10,45,39,0,0,0,6,0,True,False,10,1,0,1.0,1.0,0.0,False,False,True
hotpotqa,ms2,5a8133725542995ce29dcbdb,azure,P3,10,45,35,0,0,2,8,0,True,False,10,1,0,1.0,1.0,0.0,False,False,True
hotpotqa,ms2,5ae6050f55429929b0807a5e,azure,P3,10,45,37,0,0,1,7,0,True,False,10,1,0,0.5,0.5,0.0,False,False,True
hotpotqa,ms2,5adddccd5542997dc7907069,azure,P3,10,45,37,0,0,0,8,0,True,False,10,1,0,0.5,0.5,0.0,False,False,True
hotpotqa,ms2,5ae22b8d554299234fd0440f,azure,P3,10,45,38,0,0,0,7,0,True,False,10,1,0,0.6240505200038379,0.6240505200038379,0.0,False,False,True
hotpotqa,ms1_drop_mutual,5a8c7595554299585d9e36b6,azure,P3,10,45,33,0,0,0,12,0,True,False,10,1,0,1.0,1.0,0.0,False,False,True
hotpotqa,ms1_drop_mutual,5a85ea095542994775f606a8,azure,P3,10,45,33,0,0,1,11,0,True,False,10,1,0,1.0,1.0,0.0,False,False,True
hotpotqa,ms1_drop_mutual,5adbf0a255429947ff17385a,azure,P3,10,45,32,0,0,6,7,0,True,False,10,1,0,1.0,1.0,0.0,False,False,True
hotpotqa,ms1_drop_mutual,5a8e3ea95542995a26add48d,azure,P3,10,45,34,0,0,1,10,0,True,True,7,4,2,1.0,1.0,0.0,False,False,True
hotpotqa,ms1_drop_mutual,5a85b2d95542997b5ce40028,azure,P3,10,45,34,0,0,3,8,0,True,False,10,1,0,1.0,1.0,0.0,False,False,True
hotpotqa,ms1_drop_mutual,5a87ab905542996e4f3088c1,azure,P3,10,45,34,0,0,9,2,0,True,False,10,1,0,1.0,1.0,0.0,False,False,True
hotpotqa,ms1_drop_mutual,5a7bbb64554299042af8f7cc,azure,P3,10,45,35,0,0,0,10,0,True,False,10,1,0,1.0,1.0,0.0,False,False,True
hotpotqa,ms1_drop_mutual,5a7166395542994082a3e814,azure,P3,10,45,37,0,0,0,8,0,True,False,10,1,0,1.0,1.0,0.0,False,False,True
hotpotqa,ms1_drop_mutual,5a877e5d5542993e715abf7d,azure,P3,10,45,31,0,0,0,14,0,True,False,10,1,0,1.0,1.0,0.0,False,False,True
hotpotqa,ms1_drop_mutual,5ab3b0bf5542992ade7c6e39,azure,P3,10,45,30,0,0,0,15,0,True,False,10,1,0,0.6309297535714575,0.6309297535714575,0.0,False,False,True
hotpotqa,ms1_drop_mutual,5ab56e32554299637185c594,azure,P3,10,45,37,0,0,1,7,0,True,False,10,1,0,0.6934264036172708,0.6934264036172708,0.0,False,False,True
hotpotqa,ms1_drop_mutual,5ab6d09255429954757d337d,azure,P3,10,45,35,0,0,0,10,0,True,False,10,1,0,1.0,1.0,0.0,False,False,True
hotpotqa,ms1_drop_mutual,5a75e05c55429976ec32bc5f,azure,P3,10,45,38,0,0,1,6,0,True,False,10,1,0,1.0,1.0,0.0,False,False,True
hotpotqa,ms1_drop_mutual,5ab3e45655429976abd1bcd4,azure,P3,10,45,23,0,0,0,22,0,True,False,10,1,0,1.0,1.0,0.0,False,False,True
hotpotqa,ms1_drop_mutual,5ae0d4c9554299603e418468,azure,P3,10,45,39,0,0,0,6,0,True,False,10,1,0,1.0,1.0,0.0,False,False,True
hotpotqa,ms1_drop_mutual,5a8133725542995ce29dcbdb,azure,P3,10,45,35,0,0,2,8,0,True,False,10,1,0,1.0,1.0,0.0,False,False,True
hotpotqa,ms1_drop_mutual,5ae6050f55429929b0807a5e,azure,P3,10,45,37,0,0,1,7,0,True,False,10,1,0,0.5,0.5,0.0,False,False,True
hotpotqa,ms1_drop_mutual,5adddccd5542997dc7907069,azure,P3,10,45,37,0,0,0,8,0,True,False,10,1,0,0.5,0.5,0.0,False,False,True
hotpotqa,ms1_drop_mutual,5ae22b8d554299234fd0440f,azure,P3,10,45,38,0,0,0,7,0,True,False,10,1,0,0.6240505200038379,0.6240505200038379,0.0,False,False,True
bright,ms1,biology:0,azure,P3,9,36,26,0,0,0,10,0,True,False,9,1,0,1.0,1.0,0.0,False,False,True
bright,ms1,biology:1,azure,P3,10,45,38,0,0,0,7,0,True,False,10,1,0,1.0,1.0,0.0,False,False,True
bright,ms1,biology:2,azure,P3,10,45,12,0,0,1,32,0,True,False,9,1,0,0.0,0.0,0.0,False,False,True
bright,ms1,biology:3,azure,P3,10,45,43,0,0,0,2,0,True,False,10,1,0,1.0,1.0,0.0,False,False,True
bright,ms1,biology:4,azure,P3,10,45,41,0,0,1,3,0,True,False,10,1,0,1.0,1.0,0.0,False,False,True
bright,ms1,biology:5,azure,P3,10,45,38,0,0,3,4,0,True,False,10,1,0,1.0,1.0,0.0,False,False,True
bright,ms1,biology:6,azure,P3,10,45,41,0,0,0,4,0,True,False,10,1,0,1.0,1.0,0.0,False,False,True
bright,ms1,biology:7,azure,P3,10,45,35,0,0,3,7,0,True,False,10,1,0,1.0,1.0,0.0,False,False,True
bright,ms1,biology:8,azure,P3,10,45,35,0,0,0,10,0,True,False,10,1,0,1.0,1.0,0.0,False,False,True
bright,ms1,biology:9,azure,P3,10,45,36,0,0,0,9,0,True,False,10,1,0,0.5640920940185894,0.5640920940185894,0.0,False,False,True
bright,ms1,biology:10,azure,P3,10,45,38,0,0,0,7,0,True,False,10,1,0,1.0,1.0,0.0,False,False,True
bright,ms1,biology:11,azure,P3,10,45,40,0,0,1,4,0,True,False,10,1,0,1.0,1.0,0.0,False,False,True
bright,ms1,biology:12,azure,P3,10,45,42,0,0,0,3,0,True,False,10,1,0,1.0,1.0,0.0,False,False,True
bright,ms1,biology:13,azure,P3,10,45,40,0,0,0,5,0,True,False,10,1,0,1.0,1.0,0.0,False,False,True
bright,ms1,biology:14,azure,P3,8,28,14,0,0,0,14,0,True,False,8,1,0,0.7634994216714083,0.7634994216714083,0.0,False,False,True
bright,ms1,biology:15,azure,P3,9,36,34,0,0,0,2,0,True,False,9,1,0,1.0,1.0,0.0,False,False,True
bright,ms1,biology:16,azure,P3,7,21,12,0,0,0,9,0,True,False,7,1,0,0.0,0.0,0.0,False,False,True
bright,ms1,biology:17,azure,P3,10,45,39,0,0,0,6,0,True,False,10,1,0,0.9963488021549354,0.9963488021549354,0.0,False,False,True
bright,ms1,biology:18,azure,P3,10,45,36,0,0,0,9,0,True,False,10,1,0,0.0,0.0,0.0,False,False,True
bright,ms1,biology:19,azure,P3,10,45,38,0,0,0,7,0,True,False,10,1,0,1.0,1.0,0.0,False,False,True
bright,ms1,biology:20,azure,P3,8,28,26,0,0,0,2,0,True,False,8,1,0,1.0,1.0,0.0,False,False,True
bright,ms1,biology:21,azure,P3,10,45,41,0,0,0,4,0,True,False,10,1,0,1.0,1.0,0.0,False,False,True
bright,ms1,biology:22,azure,P3,10,45,38,0,0,1,6,0,True,False,10,1,0,1.0,1.0,0.0,False,False,True
bright,ms1,biology:23,azure,P3,7,21,19,0,0,0,2,0,True,False,7,1,0,0.0,0.0,0.0,False,False,True
bright,ms1,biology:24,azure,P3,10,45,37,0,0,0,8,0,True,False,10,1,0,1.0,1.0,0.0,False,False,True
bright,ms2,biology:1,azure,P3,2,1,1,0,0,0,0,0,False,,,,,,,,,,
bright,ms2,biology:2,azure,P3,9,36,7,0,0,1,28,0,True,False,7,1,0,0.0,0.0,0.0,False,False,True
bright,ms2,biology:3,azure,P3,8,28,26,0,0,0,2,0,True,False,8,1,0,1.0,1.0,0.0,False,False,True
bright,ms2,biology:4,azure,P3,4,6,5,0,0,0,1,0,True,False,4,1,0,1.0,1.0,0.0,False,False,True
bright,ms2,biology:5,azure,P3,8,28,24,0,0,2,2,0,True,False,8,1,0,1.0,1.0,0.0,False,False,True
bright,ms2,biology:6,azure,P3,3,3,2,0,0,0,1,0,True,False,3,1,0,1.0,1.0,0.0,False,False,True
bright,ms2,biology:7,azure,P3,10,45,35,0,0,3,7,0,True,False,10,1,0,1.0,1.0,0.0,False,False,True
bright,ms2,biology:8,azure,P3,9,36,26,0,0,0,10,0,True,False,9,1,0,0.0,0.0,0.0,False,False,True
bright,ms2,biology:9,azure,P3,10,45,36,0,0,0,9,0,True,False,10,1,0,0.5640920940185894,0.5640920940185894,0.0,False,False,True
bright,ms2,biology:10,azure,P3,10,45,38,0,0,0,7,0,True,False,10,1,0,1.0,1.0,0.0,False,False,True
bright,ms2,biology:11,azure,P3,8,28,26,0,0,0,2,0,True,False,8,1,0,1.0,1.0,0.0,False,False,True
bright,ms2,biology:12,azure,P3,9,36,34,0,0,0,2,0,True,False,9,1,0,1.0,1.0,0.0,False,False,True
bright,ms2,biology:13,azure,P3,6,15,14,0,0,0,1,0,True,False,6,1,0,1.0,1.0,0.0,False,False,True
bright,ms2,biology:17,azure,P3,10,45,39,0,0,0,6,0,True,False,10,1,0,0.9963488021549354,0.9963488021549354,0.0,False,False,True
bright,ms2,biology:18,azure,P3,2,1,1,0,0,0,0,0,False,,,,,,,,,,
bright,ms2,biology:19,azure,P3,7,21,19,0,0,0,2,0,True,False,7,1,0,1.0,1.0,0.0,False,False,True
bright,ms2,biology:20,azure,P3,7,21,20,0,0,0,1,0,True,False,7,1,0,1.0,1.0,0.0,False,False,True
bright,ms2,biology:21,azure,P3,7,21,20,0,0,0,1,0,True,False,7,1,0,1.0,1.0,0.0,False,False,True
bright,ms2,biology:22,azure,P3,5,10,7,0,0,0,3,0,True,False,5,1,0,1.0,1.0,0.0,False,False,True
bright,ms2,biology:24,azure,P3,4,6,5,0,0,0,1,0,True,False,4,1,0,1.0,1.0,0.0,False,False,True
bright,ms1_drop_mutual,biology:0,azure,P3,9,36,26,0,0,0,10,0,True,False,9,1,0,1.0,1.0,0.0,False,False,True
bright,ms1_drop_mutual,biology:1,azure,P3,10,45,38,0,0,0,7,0,True,False,10,1,0,1.0,1.0,0.0,False,False,True
bright,ms1_drop_mutual,biology:2,azure,P3,10,45,12,0,0,1,32,0,True,False,9,1,0,0.0,0.0,0.0,False,False,True
bright,ms1_drop_mutual,biology:3,azure,P3,10,45,43,0,0,0,2,0,True,False,10,1,0,1.0,1.0,0.0,False,False,True
bright,ms1_drop_mutual,biology:4,azure,P3,10,45,41,0,0,1,3,0,True,False,10,1,0,1.0,1.0,0.0,False,False,True
bright,ms1_drop_mutual,biology:5,azure,P3,10,45,38,0,0,3,4,0,True,False,10,1,0,1.0,1.0,0.0,False,False,True
bright,ms1_drop_mutual,biology:6,azure,P3,10,45,41,0,0,0,4,0,True,False,10,1,0,1.0,1.0,0.0,False,False,True
bright,ms1_drop_mutual,biology:7,azure,P3,10,45,35,0,0,3,7,0,True,False,10,1,0,1.0,1.0,0.0,False,False,True
bright,ms1_drop_mutual,biology:8,azure,P3,10,45,35,0,0,0,10,0,True,False,10,1,0,1.0,1.0,0.0,False,False,True
bright,ms1_drop_mutual,biology:9,azure,P3,10,45,36,0,0,0,9,0,True,False,10,1,0,0.5640920940185894,0.5640920940185894,0.0,False,False,True
bright,ms1_drop_mutual,biology:10,azure,P3,10,45,38,0,0,0,7,0,True,False,10,1,0,1.0,1.0,0.0,False,False,True
bright,ms1_drop_mutual,biology:11,azure,P3,10,45,40,0,0,1,4,0,True,False,10,1,0,1.0,1.0,0.0,False,False,True
bright,ms1_drop_mutual,biology:12,azure,P3,10,45,42,0,0,0,3,0,True,False,10,1,0,1.0,1.0,0.0,False,False,True
bright,ms1_drop_mutual,biology:13,azure,P3,10,45,40,0,0,0,5,0,True,False,10,1,0,1.0,1.0,0.0,False,False,True
bright,ms1_drop_mutual,biology:14,azure,P3,8,28,14,0,0,0,14,0,True,False,8,1,0,0.7634994216714083,0.7634994216714083,0.0,False,False,True
bright,ms1_drop_mutual,biology:15,azure,P3,9,36,34,0,0,0,2,0,True,False,9,1,0,1.0,1.0,0.0,False,False,True
bright,ms1_drop_mutual,biology:16,azure,P3,7,21,12,0,0,0,9,0,True,False,7,1,0,0.0,0.0,0.0,False,False,True
bright,ms1_drop_mutual,biology:17,azure,P3,10,45,39,0,0,0,6,0,True,False,10,1,0,0.9963488021549354,0.9963488021549354,0.0,False,False,True
bright,ms1_drop_mutual,biology:18,azure,P3,10,45,36,0,0,0,9,0,True,False,10,1,0,0.0,0.0,0.0,False,False,True
bright,ms1_drop_mutual,biology:19,azure,P3,10,45,38,0,0,0,7,0,True,False,10,1,0,1.0,1.0,0.0,False,False,True
bright,ms1_drop_mutual,biology:20,azure,P3,8,28,26,0,0,0,2,0,True,False,8,1,0,1.0,1.0,0.0,False,False,True
bright,ms1_drop_mutual,biology:21,azure,P3,10,45,41,0,0,0,4,0,True,False,10,1,0,1.0,1.0,0.0,False,False,True
bright,ms1_drop_mutual,biology:22,azure,P3,10,45,38,0,0,1,6,0,True,False,10,1,0,1.0,1.0,0.0,False,False,True
bright,ms1_drop_mutual,biology:23,azure,P3,7,21,19,0,0,0,2,0,True,False,7,1,0,0.0,0.0,0.0,False,False,True
bright,ms1_drop_mutual,biology:24,azure,P3,10,45,37,0,0,0,8,0,True,False,10,1,0,1.0,1.0,0.0,False,False,True
