dataset,n_queries,mean_preserve,mean_repair,mean_oracle,headroom,headroom_ci_lower,headroom_ci_upper,frac_benefit,frac_harm,frac_neutral,mean_delta,median_delta,std_delta,slice_type,repair_algorithm,regime,pair_family,source_family
bright,18524,0.614215033275258,0.6131606548994717,0.6177716468287594,0.003556613553501453,0.0032306791431478315,0.003885907518093987,0.0765493413949471,0.07795292593392356,0.8454977326711294,-0.0010543783757863729,0.0,0.03715989765297427,by_dataset,,,,
fiqa,43430,0.2809886126818828,0.28137286658837546,0.283726477422338,0.002353610833962516,0.002135943535681693,0.0025805499658541095,0.03939673037071149,0.029495740271701588,0.9311075293575869,0.0003842539064926803,0.0,0.03392833847436982,by_dataset,,,,
hotpotqa,17549,0.8683038307684877,0.8690897212505012,0.8712763764678935,0.0021866552173922527,0.0017877645784813573,0.002598317663885943,0.017721807510399454,0.014644709100233631,0.9676334833893669,0.0007858904820134024,0.0,0.04004687935874975,by_dataset,,,,
scidocs,42700,0.31683314085109965,0.3176049826685312,0.32003874674523647,0.002433764076705258,0.0022430807371874094,0.0026230443671192514,0.059976580796252926,0.05175644028103044,0.8882669789227167,0.000771841817431563,0.0,0.030911050317181873,by_dataset,,,,
,9576,0.3979836248585303,0.3990265967371127,0.40566343456769,0.00663683783057728,0.005866996055248671,0.007440640327890335,0.08155806182121972,0.0804093567251462,0.8380325814536341,0.0010429718785824188,0.0,0.05813683609434969,by_repair_algorithm,exact_ilp,,,
,112627,0.43094997268876833,0.4312511312128326,0.43361621518414356,0.002365083971310966,0.00223968512896465,0.0024928024604116326,0.04634767862057943,0.039262343842950624,0.9143899775364699,0.0003011585240642654,0.0,0.03156173089620516,by_repair_algorithm,greedy,,,
bright,1400,0.56191387380433,0.5626856836850656,0.5717873215313398,0.009101637846274269,0.007033038172366673,0.011291677728743291,0.14857142857142858,0.13214285714285715,0.7192857142857143,0.0007718098807355886,0.0,0.05853180109655282,by_dataset_and_repair_algorithm,exact_ilp,,,
bright,17124,0.6184909981934607,0.6172873168768233,0.6215311688689595,0.0030401706754988878,0.0027197904675507977,0.0033668275359472607,0.0706610604998832,0.07352254146227517,0.8558163980378416,-0.0012036813166372694,0.0,0.03483607039829183,by_dataset_and_repair_algorithm,greedy,,,
fiqa,3360,0.2626819356805895,0.26312787386021647,0.269736101774093,0.006608227913876552,0.005235257920159998,0.008141292174686064,0.06339285714285714,0.06011904761904762,0.8764880952380952,0.00044593817962699817,0.0,0.062091924503589094,by_dataset_and_repair_algorithm,exact_ilp,,,
fiqa,40070,0.2825236871696378,0.2829027686489348,0.2848996159843071,0.001996847335372254,0.0018000119608898787,0.002203636444228193,0.03738457699026703,0.026927876216620912,0.9356875467931121,0.0003790814792969899,0.0,0.030404935536365967,by_dataset_and_repair_algorithm,greedy,,,
hotpotqa,1456,0.8538763702469387,0.8569133756318202,0.8607148063174733,0.0038014306856530844,0.0021125420619262174,0.005773173621474825,0.03983516483516483,0.0260989010989011,0.9340659340659341,0.0030370053848815543,0.0,0.05634829210517088,by_dataset_and_repair_algorithm,exact_ilp,,,
hotpotqa,16093,0.8696091425512117,0.87019136539521,0.8722319252244343,0.002040559829224242,0.0016430625617753095,0.0024636033748490303,0.01572112098427888,0.01360840116820978,0.9706704778475114,0.0005822228439983627,0.0,0.03822658811289711,by_dataset_and_repair_algorithm,greedy,,,
scidocs,3360,0.2674275206407443,0.26831642919798865,0.27518355336819333,0.006867124170204686,0.005704564449332423,0.008128029627566959,0.08988095238095238,0.10267857142857142,0.8074404761904762,0.0008889085572443937,0.0,0.05454139749147107,by_dataset_and_repair_algorithm,exact_ilp,,,
scidocs,39340,0.3210528379509165,0.3218146811855882,0.32386979528989496,0.0020551141043067545,0.0018808408260014829,0.0022299408147589623,0.057422470767666496,0.047407219115404166,0.8951703101169294,0.0007618432346717484,0.0,0.027983898371509074,by_dataset_and_repair_algorithm,greedy,,,
bright,7197,0.611853178420315,0.6088269655795667,0.6202592990526055,0.008406120632290515,0.007601494016250179,0.00922571704297059,0.16701403362512157,0.17535084062803946,0.6576351257468389,-0.0030262128407481876,0.0,0.05874083264208996,by_dataset_and_regime,,ms1,,
bright,5697,0.6255862613250448,0.6259873486345265,0.6265220953013237,0.0005347466667972034,0.000379414592402455,0.0007133065264482223,0.037212568018255225,0.031068983675618746,0.931718448306126,0.0004010873094816949,0.0,0.0110772056547708,by_dataset_and_regime,,ms1_drop_mutual,,
bright,5630,0.6057277123501056,0.6057212033589299,0.6057370219614026,9.309611296970388e-06,1.3768358761621308e-06,2.0101894242554998e-05,0.0007104795737122557,0.0008880994671403197,0.9984014209591474,-6.50899117571685e-06,0.0,0.0007029600224464279,by_dataset_and_regime,,ms2,,
fiqa,16790,0.2804843181004923,0.2814983705659716,0.2872462700238923,0.005747899457920702,0.005207052032179002,0.006320805954704493,0.09201905896366885,0.06742108397855867,0.8405598570577725,0.0010140524654793249,0.0,0.053745411968951703,by_dataset_and_regime,,ms1,,
fiqa,13330,0.2842003822533046,0.2841839844186998,0.2846003179130691,0.0003999356597645387,0.0002816658541525046,0.0005342620780928107,0.012303075768942236,0.010952738184546137,0.9767441860465116,-1.6397834604754003e-05,0.0,0.010514020909541856,by_dataset_and_regime,,ms1_drop_mutual,,
fiqa,13310,0.27840816321790784,0.2783992067490018,0.27841125491884106,3.0917009332109835e-06,0.0,8.202215525536624e-06,0.00015026296018031557,0.00022539444027047334,0.9996243425995492,-8.95646890604016e-06,0.0,0.0009503922477213252,by_dataset_and_regime,,ms2,,
hotpotqa,6873,0.867426247855654,0.8709502453859896,0.8750161219250371,0.004065876539047442,0.003288005657292574,0.004934757532490627,0.04524952713516659,0.03390077113342063,0.9208497017314128,0.003523997530335473,0.0,0.05839528184769008,by_dataset_and_regime,,ms1,,
hotpotqa,5338,0.8705459663720972,0.8687796038848096,0.8705459663720972,0.0,0.0,0.0,0.0,0.004121393780442113,0.9958786062195579,-0.0017663624872878438,0.0,0.027777251133771306,by_dataset_and_regime,,ms1_drop_mutual,,
hotpotqa,5338,0.8671916365961082,0.8670043005151791,0.8671916365961082,0.0,0.0,0.0,0.0,0.0003746721618583739,0.9996253278381416,-0.00018733608092918696,0.0,0.009677318315169072,by_dataset_and_regime,,ms2,,
scidocs,16540,0.3113838541487748,0.31323820652568407,0.3191061324852651,0.005867925959581022,0.0054037327472425565,0.006344659327285367,0.13645707376058042,0.12182587666263603,0.7417170495767835,0.001854352376909287,0.0,0.04848404568553875,by_dataset_and_regime,,ms1,,
scidocs,13080,0.32017711128897375,0.3203043419456692,0.3208284611896609,0.0005241192439917053,0.00038474119749696927,0.0006794936303477499,0.0213302752293578,0.014678899082568808,0.9639908256880734,0.0001272306566954509,0.0,0.011854838835111212,by_dataset_and_regime,,ms1_drop_mutual,,
scidocs,13080,0.3203799350964405,0.32042752533349494,0.32042834727481256,8.219413176191459e-07,0.0,2.162152777268688e-06,0.00191131498470948,0.00022935779816513763,0.9978593272171253,4.7590237054406395e-05,0.0,0.0019661688438816606,by_dataset_and_regime,,ms2,,
,76393,0.42194822215608774,0.4223540214125302,0.42609171235888116,0.0037376909463509578,0.003544038028425796,0.0039384833881278,0.06178576571151807,0.05581663241396463,0.8823976018745173,0.0004057992564424363,0.0,0.04056050947235632,by_pair_family,,,graph,
,43836,0.429833222508358,0.4302139929315609,0.4311374553616453,0.0009234624300844541,0.000806644310335729,0.0010485470166322845,0.029085683000273747,0.020804817957842867,0.9501094990418834,0.000380770423202862,0.0,0.019816922950633045,by_pair_family,,,hybrid,
,1974,0.6441915342536995,0.6422738062547956,0.64425574544055,6.421118685051574e-05,2.0154904608207793e-05,0.00012021815791000791,0.00303951367781155,0.008105369807497468,0.9888551165146909,-0.0019177279989039677,0.0,0.028982995310787886,by_pair_family,,,,
,379,0.5036515331445053,0.5012032458837207,0.504952565874587,0.0013010327300817526,2.5341370842879456e-05,0.003656079027539968,0.0158311345646438,0.06068601583113457,0.9234828496042217,-0.0024482872607846794,0.0,0.037182824263481136,by_source_family,,,,cycle_type_diagnostic
,7866,0.399153729464714,0.40024547862266496,0.407280376803224,0.007034898180559024,0.006155279816440912,0.007959378567671632,0.0832697686244597,0.08339689804220697,0.8333333333333334,0.0010917491579509962,0.0,0.06060533792817138,by_source_family,,,,exact_ilp_task4
,30780,0.44795084557605197,0.44831751128386704,0.45007058155477087,0.0017530702709038226,0.0015594558885098316,0.001954535790496098,0.04525666016894087,0.03752436647173489,0.9172189733593242,0.00036666570781504113,0.0,0.026401381387944185,by_source_family,,,,full_calibrated_core_greedy
,4104,0.44926998412995417,0.4491056709253695,0.45238690018272054,0.003116916052766372,0.0024339843109099967,0.00387879098074397,0.05214424951267056,0.05116959064327485,0.8966861598440545,-0.00016431320458465252,0.0,0.03482684505918103,by_source_family,,,,new_baseline_greedy
,1710,0.3926011436700855,0.39341974006357244,0.3982255002842334,0.004805760220660982,0.0034249620434360284,0.006472864483553433,0.07368421052631578,0.06666666666666667,0.8596491228070176,0.0008185963934869637,0.0,0.04508725296639794,by_source_family,,,,pool_cutoff_exact_ilp
,29220,0.36951190309737314,0.3703366411126461,0.37226270932450906,0.0019260682118629746,0.0017089546191897966,0.0021570204271600672,0.035763175906913074,0.02707049965776865,0.9371663244353182,0.000824738015272874,0.0,0.031478227214787755,by_source_family,,,,pool_cutoff_greedy
,46170,0.4471565021471493,0.44724144048655284,0.4502159605482031,0.0029745200616502765,0.002750428825107433,0.0031985154889905302,0.055360623781676416,0.04823478449209443,0.8964045917262291,8.493833940339876e-05,0.0,0.03439064137222117,by_source_family,,,,pool_robustness_greedy
,1974,0.6441915342536995,0.6422738062547956,0.64425574544055,6.421118685051574e-05,2.0154904608207793e-05,0.00012021815791000791,0.00303951367781155,0.008105369807497468,0.9888551165146909,-0.0019177279989039677,0.0,0.028982995310787886,by_source_family,,,,real_llm_integrity_policy_sensitivity
